Fecha_Hora,pct_outlier
2025-11-01,0.07692307692307693
2025-11-02,0.027777777777777776
2025-11-03,0.03632478632478633
2025-11-04,0.023504273504273504
2025-11-05,0.027777777777777776
2025-11-06,0.027777777777777776
2025-11-07,0.03418803418803419
2025-11-08,0.06623931623931624
2025-11-09,0.03632478632478633
2025-11-10,0.0405982905982906
2025-11-11,0.03205128205128205
2025-11-12,0.029914529914529916
2025-11-13,0.02564102564102564
2025-11-14,0.027777777777777776
2025-11-15,0.07264957264957266
2025-11-16,0.042735042735042736
2025-11-17,0.042735042735042736
2025-11-18,0.03205128205128205
2025-11-19,0.027777777777777776
2025-11-20,0.02564102564102564
2025-11-21,0.03205128205128205
2025-11-22,0.07051282051282051
2025-11-23,0.0405982905982906
2025-11-24,0.038461538461538464
2025-11-25,0.03205128205128205
2025-11-26,0.029914529914529916
2025-11-27,0.027777777777777776
2025-11-28,0.03632478632478633
2025-11-29,0.06837606837606838
2025-11-30,0.057692307692307696
2025-12-01,0.0405982905982906
2025-12-02,0.03205128205128205
2025-12-03,0.029914529914529916
2025-12-04,0.027777777777777776
2025-12-05,0.03418803418803419
2025-12-06,0.07051282051282051
2025-12-07,0.05982905982905983
2025-12-08,0.48717948717948717
2025-12-09,0.019230769230769232
2025-12-10,0.03205128205128205
2025-12-11,0.029914529914529916
2025-12-12,0.03205128205128205
2025-12-13,0.07478632478632478
2025-12-14,0.06837606837606838
2025-12-15,0.049145299145299144
2025-12-16,0.038461538461538464
2025-12-17,0.0405982905982906
2025-12-18,0.03632478632478633
2025-12-19,0.03418803418803419
2025-12-20,0.07478632478632478
2025-12-21,0.09188034188034189
2025-12-22,0.053418803418803416
2025-12-23,0.04487179487179487
2025-12-24,0.02564102564102564
2025-12-25,0.0876068376068376
2025-12-26,0.027777777777777776
2025-12-27,0.05555555555555555
2025-12-28,0.053418803418803416
2025-12-29,0.049145299145299144
2025-12-30,0.038461538461538464
2025-12-31,0.021367521367521368
