num_est,Estacion,Latitud,Longitud,Troncal,poi_500m_comercio,poi_500m_comisaria,poi_500m_hospital,poi_500m_luminaria,poi_500m_negocio,total_pois_500m,ratio_seguridad_comercio
2000,(02000) Portal Norte - Unicervantes,4.754622860218019,-74.04604464924742,Autopista Norte,107,1,0,0,43,151,0.018518518518518517
2001,(02001) Centro Comercial Santa Fe,4.762808125248429,-74.04452767198975,Autopista Norte,69,1,0,35,31,136,0.02857142857142857
2101,(02101) Toberin,4.746184978881875,-74.04725484779414,Autopista Norte,171,0,2,0,69,242,0.005813953488372093
2102,(02102) Calle 161,4.741915299191302,-74.04800034951191,Autopista Norte,103,0,0,0,26,129,0.009615384615384616
2103,(02103) Mazurén,4.734588554219222,-74.04922623638949,Autopista Norte,41,0,2,0,26,69,0.023809523809523808
2104,(02104) Calle 146,4.730891064158206,-74.04981122855385,Autopista Norte,72,0,3,0,50,125,0.0136986301369863
2105,(02105) Calle 142,4.726850089637862,-74.05050333189976,Autopista Norte,101,0,4,0,40,145,0.00980392156862745
2200,(02200) Alcalá – Colegio S. Tomás Dominicos,4.721158197762578,-74.05145916301784,Autopista Norte,153,0,2,0,44,199,0.006493506493506494
2201,(02201) Prado,4.714558425952716,-74.0525582922202,Autopista Norte,107,0,0,40,35,182,0.009259259259259259
2202,(02202) Calle 127,4.704639636465494,-74.0542251639966,Autopista Norte,25,0,6,52,30,113,0.038461538461538464
2204,(02204) Pepe Sierra Universidad UTEL,4.698126889760766,-74.05530879980195,Autopista Norte,19,1,3,0,30,53,0.1
2205,(02205) Calle 106 - Explora Maletas,4.692982600439019,-74.05618243307303,Autopista Norte,18,1,15,0,21,55,0.10526315789473684
2300,(02300) Calle 100 - Marketmedios,4.683949437564952,-74.05771229681588,Autopista Norte,38,2,11,0,51,102,0.07692307692307693
2302,(02302) Virrey,4.675997370862644,-74.05901951709693,Autopista Norte,68,2,18,0,44,132,0.043478260869565216
2302,(02302) Virrey - Cendiatra,4.675997370862644,-74.05901951709693,Autopista Norte,68,2,18,0,44,132,0.043478260869565216
2303,(02303) Calle 85 - GATO DUMAS,4.672312786740467,-74.05964363107933,Autopista Norte,58,1,13,0,44,116,0.03389830508474576
2304,(02304) Heroes - Gel hada,4.668136029647685,-74.06030995135728,Autopista Norte,156,0,14,0,100,270,0.006369426751592357
2305,(02305) Bicicletero Portal Norte,4.755476318825073,-74.0458863256048,0,115,1,0,0,42,158,0.017241379310344827
2502,(02502) Terminal,4.768253143203189,-74.04366242900103,Autopista Norte,5,0,0,0,2,7,0.16666666666666666
3000,(03000) Portal Suba,4.746815071110087,-74.09427890362022,Suba,71,0,1,0,66,138,0.013888888888888888
3001,(03001) LA CAMPIÑA,4.742916929058509,-74.0915060498986,Suba,39,0,2,0,13,54,0.025
3002,(03002) SUBA - TV- 91,4.739408717712319,-74.08746339298014,Suba,59,1,2,0,24,86,0.03333333333333333
3003,(03003) 21 ANGELES,4.73550811160933,-74.08098652277597,Suba,37,0,0,6,12,55,0.02631578947368421
3004,(03004) GRATAMIRA,4.727455840781251,-74.07472333854827,Suba,8,0,0,0,9,17,0.1111111111111111
3005,(03005) SUBA - AV. BOYACA,4.721267158257204,-74.0747116339291,Suba,67,0,1,0,30,98,0.014705882352941176
3006,(03006) NIZA - CALLE 127,4.712001231323956,-74.07230719784444,Suba,57,0,0,8,42,107,0.017241379310344827
3007,(03007) HUMEDAL CORDOBA,4.706689822528658,-74.07117426613561,Suba,29,0,0,0,10,39,0.03333333333333333
3009,(03009) Av. Suba- Calle 116,4.699241108397645,-74.06984394178146,Suba,28,0,3,0,30,61,0.034482758620689655
3010,(03010) PUENTE LARGO,4.693400771058854,-74.06720873995816,Suba,37,1,3,0,36,77,0.05263157894736842
3011,(03011) SUBA - CALLE 100,4.686664075105651,-74.06430481905278,Suba,256,0,4,0,85,345,0.0038910505836575876
3012,(03012) SUBA - CALLE 95,4.684694637263692,-74.06321827093115,Suba,305,1,4,0,101,411,0.006535947712418301
3013,(03013) RIO NEGRO,4.680351057056148,-74.06481662477188,Suba,182,0,1,0,45,228,0.00546448087431694
3014,(03014) SAN MARTIN,4.676389657040512,-74.06717673781442,Suba,26,0,1,0,11,38,0.037037037037037035
4000,(04000) Cabecera Calle 80,4.709829487984559,-74.11050626882579,Calle 80,27,0,2,0,12,41,0.03571428571428571
4001,(04001) Quirigua,4.706725245152247,-74.10873932323864,Calle 80,187,1,3,0,62,253,0.010638297872340425
4002,(04002) Carrera 90,4.70487199855203,-74.1050502345663,Calle 80,205,1,3,0,73,282,0.009708737864077669
4003,(04003) Avenida Ciudad de Cali,4.702211226918516,-74.09993048407954,Calle 80,160,0,2,0,51,213,0.006211180124223602
4004,(04004) La Granja,4.699811786531105,-74.09701717051567,0,131,0,1,0,40,172,0.007575757575757576
4100,(04100) Carrera 77,4.699150963155722,-74.09601773277603,Calle 80,120,0,0,0,43,163,0.008264462809917356
4101,(04101) Minuto de Dios,4.696881601543901,-74.09193284888886,Calle 80,63,0,3,0,33,99,0.015625
4102,(04102) Avenida Boyaca,4.693553929576481,-74.08675371760854,Calle 80,42,0,0,0,10,52,0.023255813953488372
4103,(04103) Las Ferias,4.690885926692645,-74.0846012702891,Calle 80,57,0,0,0,22,79,0.017241379310344827
4104,(04104) Avenida 68,4.686100882846748,-74.08076896014731,Calle 80,54,0,0,0,33,87,0.01818181818181818
4105,(04105) Carrera 53,4.681804753883138,-74.07742142136232,Calle 80,20,0,0,0,13,33,0.047619047619047616
4106,(04106) Carrera 47,4.677755746127176,-74.07325476094951,Calle 80,27,0,0,0,14,41,0.03571428571428571
4107,(04107) Escuela Militar,4.675535012017993,-74.06980215105027,Calle 80,77,0,0,0,23,100,0.01282051282051282
4108,(04108) Polo –  FINCOMERCIO,4.670162650409122,-74.06433866057165,Calle 80,185,0,3,0,52,240,0.005376344086021506
5000,(05000) Portal Américas,4.629381310202615,-74.17305846411314,Americas,20,0,0,0,7,27,0.047619047619047616
5001,(05001) Patio Bonito,4.633180282913106,-74.16461426660447,Americas,44,0,1,0,19,64,0.022222222222222223
5002,(05002) Tintal,4.638263789456411,-74.15895645390489,Americas,57,1,0,0,27,85,0.034482758620689655
5005,(05005) Transversal 86,4.634194653572966,-74.15206783620962,Americas,16,1,0,0,11,28,0.11764705882352941
5100,(05100) Banderas P. Central,4.631294536922991,-74.1457699625961,Americas,18,0,0,0,9,27,0.05263157894736842
5101,(05101) Mandalay - Cr.73,4.630863657469235,-74.14129817180734,Americas,19,0,1,0,21,41,0.05
5102,(05102) Av. Américas - Av. Boyacá,4.630117798427176,-74.13422457070207,Americas,67,0,4,0,17,88,0.014705882352941176
5103,(05103) Marsella,4.629677230521839,-74.13016384632475,Americas,71,0,2,0,22,95,0.013888888888888888
5105,(05105) Pradera – Plaza Central,4.628506463940081,-74.11867713273622,Americas,76,0,2,0,20,98,0.012987012987012988
5107,(05107) Américas - Cr.53,4.627850045092682,-74.11158410680022,Americas,110,1,0,0,19,130,0.018018018018018018
6000,(06000) Portal El Dorado - C.C. NUESTRO BOGOTA,4.681622028944145,-74.1213980169888,Calle 26,8,0,1,0,15,24,0.1111111111111111
6001,(06001) Modelia,4.675024658729783,-74.11714710072533,Calle 26,14,1,0,0,12,27,0.13333333333333333
6002,(06002) Normandía,4.669008681376298,-74.11328003037636,Calle 26,33,1,1,0,20,55,0.058823529411764705
6100,(06100) Av. Rojas – UNISALESIANA,4.661944439127925,-74.10877199870127,Calle 26,9,0,0,0,22,31,0.1
6101,(06101) El Tiempo - Camara de Comercio de Bogota,4.6570670471491,-74.10564665978902,Calle 26,11,1,0,0,28,40,0.16666666666666666
6102,(06102) Salitre El Greco - Vive Claro,4.650982052341222,-74.10171935493257,Calle 26,22,1,1,0,23,47,0.08695652173913043
6103,(06103) CAN - British Council,4.646876393808474,-74.09904645134877,Calle 26,26,1,3,0,32,62,0.07407407407407407
6104,(06104) Gobernación,4.643012751042416,-74.09665220938193,Calle 26,0,1,0,0,11,12,2.0
6105,(06105) Quinta Paredes,4.637503527999294,-74.09313226319551,Calle 26,12,0,1,0,12,25,0.07692307692307693
6106,(06106) Corferias,4.634395531732532,-74.08994044210418,Calle 26,15,0,2,0,39,56,0.0625
6107,(06107) Ciudad Universitaria - Loteria de Bogota,4.630875429616791,-74.08352723499065,Calle 26,65,0,3,0,98,166,0.015151515151515152
6108,(06108) Concejo de Bogotá,4.625987365683597,-74.08028965895312,Calle 26,64,0,5,2,74,145,0.015384615384615385
6109,(06109) Centro Memoria,4.620464994750269,-74.07632059291059,Calle 26,177,1,5,0,100,283,0.011235955056179775
6111,(06111) Universidades – CityU,4.604646225337709,-74.0673158462673,Calle 26,108,1,3,0,147,259,0.01834862385321101
7000,(07000) Portal Sur JFK Coop. Financiera,4.596939945160861,-74.16929783953442,NQS Sur,5,0,0,0,4,9,0.16666666666666666
7001,(07001) PERDOMO,4.595787784538717,-74.1649697299199,NQS Sur,4,0,0,0,4,8,0.2
7002,(07002) MADELENA,4.596280940258974,-74.15688105483866,NQS Sur,36,0,0,0,29,65,0.02702702702702703
7003,(07003) SEVILLANA,4.595107262813356,-74.14741028754624,NQS Sur,12,0,0,0,5,17,0.07692307692307693
7004,(07004) VENECIA,4.595541119557523,-74.1428626037974,NQS Sur,110,1,1,0,30,142,0.018018018018018018
7005,(07005) ALQUERIA,4.594269934546364,-74.13426992732451,NQS Sur,330,2,1,0,44,377,0.00906344410876133
7006,(07006) General Santander,4.593563621920067,-74.1302273362648,NQS Sur,26,2,1,0,11,40,0.1111111111111111
7007,(07007) NQS - Calle 38A Sur,4.593809438726154,-74.123755076579,NQS Sur,176,2,0,0,114,292,0.01694915254237288
7007,(07007) Cl38A sur - CENTRO MAYOR,4.593809438726154,-74.123755076579,NQS Sur,176,2,0,0,114,292,0.01694915254237288
7008,(07008) NQS - Calle 30 Sur,4.594738907433427,-74.11814917192282,NQS Sur,48,1,0,0,12,61,0.04081632653061224
7010,(07010) Bosa,4.596887946711874,-74.18122499859422,NQS Sur,5,1,0,0,6,12,0.3333333333333333
7101,(07101) CASTELLANA,4.675611154981965,-74.06444316945309,NQS Central,41,1,5,0,24,71,0.047619047619047616
7102,(07102) NQS Calle 75,4.670151012299509,-74.07130491506688,NQS Central,247,0,2,0,44,293,0.004032258064516129
7103,(07103) AV. CHILE,4.666352641436107,-74.07457455288298,NQS Central,141,0,1,0,21,163,0.007042253521126761
7104,(07104) 7 de Agosto,4.657295279916713,-74.07768645941138,NQS Central,363,1,0,0,26,390,0.005494505494505495
7105,(07105) MOVISTAR ARENA,4.649840483904393,-74.07837670962138,NQS Central,40,0,1,0,13,54,0.024390243902439025
7106,(07106) EL CAMPIN,4.645397563881436,-74.07871009145556,NQS Central,31,0,1,0,45,77,0.03125
7107,(07107) U. NACIONAL,4.63712104779828,-74.07932617980647,NQS Central,47,0,4,3,33,87,0.020833333333333332
7108,(07108) Av. El Dorado,4.630121524783391,-74.07995827950504,NQS Central,82,0,4,0,98,184,0.012048192771084338
7109,(07109) CAD,4.623415731317321,-74.0841812050935,NQS Central,24,0,2,3,16,45,0.04
7110,(07110) PALOQUEMAO,4.616921876915299,-74.089553444556,NQS Central,63,0,0,0,58,121,0.015625
7111,(07111) NQS - RICAURTE,4.611683784449027,-74.09386594942337,NQS Central,32,0,0,0,22,54,0.030303030303030304
7112,(07112) COMUNEROS,4.604249975583671,-74.0998613741849,NQS Sur,35,0,1,0,19,55,0.027777777777777776
7113,(07113) SANTA ISABEL,4.601487676868069,-74.10284554081562,NQS Sur,61,1,1,14,48,125,0.03225806451612903
7200,(07200) Tygua-San José,4.599787201672794,-74.08876139103779,NQS Central,284,1,1,0,56,342,0.007017543859649123
7201,(07201) Guatoque -Veraguas,4.604034291395541,-74.0947495897,NQS Central,88,0,1,0,19,108,0.011235955056179775
7503,(07503) SAN MATEO - C.C. UNISUR,4.586118444166164,-74.20512641295089,NQS Sur,21,0,0,0,13,34,0.045454545454545456
7504,(07504) TERREROS,4.588962704262017,-74.199522612371,NQS Sur,57,1,1,0,10,69,0.034482758620689655
7505,(07505) LEON XIII,4.592172811180285,-74.19313531304007,NQS Sur,13,2,0,0,4,19,0.21428571428571427
7506,(07506) DESPENSA,4.59459381881802,-74.18811218177783,NQS Sur,13,0,0,0,3,16,0.07142857142857142
8000,(08000) Portal Tunal,4.569571464031223,-74.13924020305714,Caracas Sur,1,1,0,0,1,3,1.0
8001,(08001) Parque el Tunal,4.568326563753448,-74.13541451320731,Caracas Sur,8,0,0,0,7,15,0.1111111111111111
8002,(08002) Biblioteca,4.57030351923882,-74.1303886787077,Caracas Sur,15,1,1,0,16,33,0.125
8100,(08100) Portal Tunal Cable,4.570911724422979,-74.13957490426228,0,1,1,0,0,1,3,1.0
9000,(09000) Cabecera Usme,4.531714583945091,-74.11939099086611,Caracas Sur,2,0,0,0,2,4,0.3333333333333333
9001,(09001) Molinos,4.557064564002366,-74.12182778886832,Caracas Sur,48,0,0,0,17,65,0.02040816326530612
9002,(09002) Consuelo,4.5600935055591,-74.12381078699146,Caracas Sur,65,0,2,0,32,99,0.015151515151515152
9003,(09003) Socorro,4.564653275897263,-74.12558393515768,Caracas Sur,56,0,1,0,34,91,0.017543859649122806
9004,(09004) Santa Lucía,4.570968483577163,-74.12470871898489,Caracas Sur,7,1,1,0,13,22,0.25
9005,(09005) Danubio,4.54608225841435,-74.12104842261635,Caracas Sur,2,0,0,0,0,2,0.3333333333333333
9100,(09100) Calle 40 Sur,4.575794151709622,-74.12007924002512,Caracas Sur,8,0,0,0,9,17,0.1111111111111111
9101,(09101) Quiroga,4.57680972493108,-74.11438050582953,Caracas Sur,9,1,1,0,6,17,0.2
9103,(09103) Olaya,4.578915188912788,-74.1073638244642,Caracas Sur,67,1,1,0,44,113,0.029411764705882353
9104,(09104) Restrepo,4.581849057280713,-74.10142878243313,Caracas Sur,82,1,3,0,86,172,0.024096385542168676
9105,(09105) Río Fucha,4.582863533953761,-74.09959636956023,Caracas Sur,101,2,2,0,109,214,0.029411764705882353
9106,(09106) Nariño,4.58628470770093,-74.09392541573067,Caracas Sur,50,1,0,0,29,80,0.0392156862745098
9107,(09107) Hortúa,4.590774624236426,-74.09030532494877,Caracas Sur,84,1,7,0,28,120,0.023529411764705882
9110,(09110) Avenida Jimenez,4.600166621036774,-74.08232653412165,Caracas,496,2,0,0,46,544,0.006036217303822937
9110,(09110) AV Jimenez - Inter Electricas,4.600166621036774,-74.08232653412165,Caracas,496,2,0,0,46,544,0.006036217303822937
9114,(09114) Calle 26,4.616651548430109,-74.07215845806978,Caracas,164,1,4,2,144,315,0.012121212121212121
9122,(09122) Calle 72 - Areandina,4.658237545704798,-74.06206786085158,Caracas,179,1,3,0,131,314,0.011111111111111112
9123,(09123) Calle 76,4.663029449928692,-74.06126126157599,Caracas,190,0,5,0,123,318,0.005235602094240838
9125,(09125) Temporal Calle 57,4.643272141647432,-74.06581196311394,0,402,1,5,2,203,613,0.004962779156327543
9126,(09126) Temporal Marly,4.637729928752671,-74.06677759687793,0,454,0,20,0,285,759,0.002197802197802198
9127,(09127) Temporal Flores,4.654818049849054,-74.06309280815285,0,309,1,5,0,175,490,0.0064516129032258064
9128,(09128) Temporal AV Jimenez - Inter Electricas,4.602792381769901,-74.0804998813102,0,214,1,1,0,19,235,0.009302325581395349
9129,(09129) Temporal Calle 22,4.611790832960915,-74.07463141686762,0,129,0,0,0,76,205,0.007692307692307693
9130,(09130) Temporal Avenida 39,4.62706245017498,-74.06869277048504,0,168,3,26,0,269,466,0.023668639053254437
10000,(10000) Portal 20 de Julio,4.565718118715743,-74.09700840600513,Carrera 10,25,0,0,0,18,43,0.038461538461538464
10001,(10001) Country Sur,4.571416733654898,-74.09863412542575,Carrera 10,83,0,0,0,46,129,0.011904761904761904
10002,(10002) Av. Primero de Mayo,4.576939314363686,-74.0937094048318,Carrera 10,58,1,6,0,35,100,0.03389830508474576
10003,(10003) Ciudad Jardín,4.581542540921835,-74.09035159822346,Carrera 10,46,1,0,0,35,82,0.0425531914893617
10004,(10004) Policarpa,4.586115815512399,-74.08701653918725,Carrera 10,29,1,5,0,15,50,0.06666666666666667
10005,(10005) Bicentenario,4.593315985687481,-74.08233056329063,Carrera 10,26,4,0,0,11,41,0.18518518518518517
10006,(10006) SAN VICTORINO - NEOS CENTRO,4.601029434184011,-74.07742242431827,Carrera 10,181,1,0,1,84,267,0.01098901098901099
10007,(10007) Las Nieves,4.606065335057134,-74.07432674893896,Carrera 10,273,0,3,0,101,377,0.0036496350364963502
10008,(10008) San Diego,4.610899086160519,-74.07150007434937,Carrera 10,152,1,0,0,110,263,0.013071895424836602
10009,(10009) Museo Nacional - FNG,4.615244902037747,-74.06921969311787,Carrera 7,115,3,2,2,180,302,0.034482758620689655
10010,(10010) San Bernardo,4.590195556533074,-74.08432732198928,Carrera 10,38,1,5,0,17,61,0.05128205128205128
12000,(12000) Puente Aranda,4.625669742217356,-74.10463943333943,Americas,33,0,0,0,10,43,0.029411764705882353
12001,(12001) Carrera 43 - COMAPAN,4.62278153734826,-74.10143787790989,Americas,46,0,0,0,24,70,0.02127659574468085
12002,(12002) CDS - Carrera 32,4.616136161567741,-74.09394954026446,Americas,27,0,0,0,33,60,0.03571428571428571
12003,(12003) Ricaurte,4.612680959785939,-74.09009249415548,Americas,58,0,0,0,40,98,0.01694915254237288
12004,(12004) Carrera 22,4.609735205577463,-74.0867947813114,Americas,75,0,0,0,18,93,0.013157894736842105
12007,(12007) Zona Industrial,4.620325258204576,-74.09868610794165,Americas,26,1,0,0,18,45,0.07407407407407407
14001,(14001) La Sabana,4.605421100257434,-74.08189427103363,Americas,164,1,2,0,17,184,0.012121212121212121
14004,(14004) Museo del Oro,4.601152978963138,-74.07290843384371,Eje Ambiental,183,1,1,1,262,448,0.010869565217391304
14005,(14005) Las Aguas - Centro Colombo Americano,4.602579756576608,-74.06840143842119,Eje Ambiental,143,2,2,0,245,392,0.020833333333333332
15001,(15001) Tibanica - Primavera,4.606803898097038,-74.20600479141055,0,33,1,0,0,8,42,0.058823529411764705
15002,(15002) Los Laureles,4.611036428282779,-74.20233288701455,0,38,1,0,0,12,51,0.05128205128205128
15003,(15003) Islandia,4.614393242277583,-74.19373210972272,0,49,0,0,0,12,61,0.02
50003,(50003) Corral Molinos,4.557420470999076,-74.1217972469365,0,48,0,0,0,17,65,0.02040816326530612
50006,(50006) Corral Carrera 77,4.699811786531105,-74.09701717051567,0,131,0,1,0,40,172,0.007575757575757576
50008,(50008) Corral Portal Dorado,4.682083474874683,-74.12169281558822,0,7,0,1,0,15,23,0.125
57503,(57503) Ampliacion San Mateo,4.662607236040764,-74.0587140410217,0,165,1,2,0,126,294,0.012048192771084338
