Fecha_Hora,sistema,serie_id,unidad,Validaciones_pron,Val_q10,Val_q90,Headway_base_min,Cap_hora,Ocupacion_proxy,crowding_index,franja,aforo,ETA_pron,modelo_pron,recomendacion
2025-12-09 00:00:00,corredor,201,201,0.0,0.0,0.0,10.0,480.0,0.0,0.0,noche,Asientos,10.0,autoets,abordar
2025-12-09 00:00:00,corredor,204,204,0.0,0.0,0.0,10.0,480.0,0.0,0.0,noche,Asientos,10.0,autoets,abordar
2025-12-09 00:00:00,corredor,206,206,0.0,0.0,0.0,10.0,480.0,0.0,0.0,noche,Asientos,10.0,autoets,abordar
2025-12-09 00:00:00,corredor,209,209,0.0,0.0,0.0,10.0,480.0,0.0,0.0,noche,Asientos,10.0,autoets,abordar
2025-12-09 00:00:00,corredor,301,301,0.0,0.0,0.0,10.0,480.0,0.0,0.0,noche,Asientos,10.0,autoets,abordar
2025-12-09 00:00:00,corredor,305,305,0.0,0.0,0.0,10.0,480.0,0.0,0.0,noche,Asientos,10.0,autoets,abordar
2025-12-09 00:00:00,corredor,370,370,0.0,0.0,0.0,10.0,480.0,0.0,0.0,noche,Asientos,10.0,autoets,abordar
2025-12-09 00:00:00,corredor,371,371,0.0,0.0,0.0,10.0,480.0,0.0,0.0,noche,Asientos,10.0,autoets,abordar
2025-12-09 00:00:00,corredor,404,404,0.0,0.0,0.0,10.0,480.0,0.0,0.0,noche,Asientos,10.0,autoets,abordar
2025-12-09 00:00:00,corredor,405,405,0.0,0.0,0.0,10.0,480.0,0.0,0.0,noche,Asientos,10.0,autoets,abordar
2025-12-09 00:00:00,corredor,406,406,0.0,0.0,0.0,10.0,480.0,0.0,0.0,noche,Asientos,10.0,autoets,abordar
2025-12-09 00:00:00,corredor,412,412,0.0,0.0,0.0,10.0,480.0,0.0,0.0,noche,Asientos,10.0,autoets,abordar
2025-12-09 01:00:00,corredor,201,201,0.0,0.0,0.0,10.0,480.0,0.0,0.0,noche,Asientos,10.0,autoets,abordar
2025-12-09 01:00:00,corredor,204,204,0.0,0.0,0.0,10.0,480.0,0.0,0.0,noche,Asientos,10.0,autoets,abordar
2025-12-09 01:00:00,corredor,206,206,0.0,0.0,0.0,10.0,480.0,0.0,0.0,noche,Asientos,10.0,autoets,abordar
2025-12-09 01:00:00,corredor,209,209,0.0,0.0,0.0,10.0,480.0,0.0,0.0,noche,Asientos,10.0,autoets,abordar
2025-12-09 01:00:00,corredor,301,301,0.0,0.0,0.0,10.0,480.0,0.0,0.0,noche,Asientos,10.0,autoets,abordar
2025-12-09 01:00:00,corredor,305,305,0.0,0.0,0.0,10.0,480.0,0.0,0.0,noche,Asientos,10.0,autoets,abordar
2025-12-09 01:00:00,corredor,370,370,0.0,0.0,0.0,10.0,480.0,0.0,0.0,noche,Asientos,10.0,autoets,abordar
2025-12-09 01:00:00,corredor,371,371,0.0,0.0,0.0,10.0,480.0,0.0,0.0,noche,Asientos,10.0,autoets,abordar
2025-12-09 01:00:00,corredor,404,404,0.0,0.0,0.0,10.0,480.0,0.0,0.0,noche,Asientos,10.0,autoets,abordar
2025-12-09 01:00:00,corredor,405,405,0.0,0.0,0.0,10.0,480.0,0.0,0.0,noche,Asientos,10.0,autoets,abordar
2025-12-09 01:00:00,corredor,406,406,0.0,0.0,0.0,10.0,480.0,0.0,0.0,noche,Asientos,10.0,autoets,abordar
2025-12-09 01:00:00,corredor,412,412,0.0,0.0,0.0,10.0,480.0,0.0,0.0,noche,Asientos,10.0,autoets,abordar
2025-12-09 02:00:00,corredor,201,201,0.0,0.0,0.0,10.0,480.0,0.0,0.0,noche,Asientos,10.0,autoets,abordar
2025-12-09 02:00:00,corredor,204,204,0.0,0.0,0.0,10.0,480.0,0.0,0.0,noche,Asientos,10.0,autoets,abordar
2025-12-09 02:00:00,corredor,206,206,0.0,0.0,0.0,10.0,480.0,0.0,0.0,noche,Asientos,10.0,autoets,abordar
2025-12-09 02:00:00,corredor,209,209,0.0,0.0,0.0,10.0,480.0,0.0,0.0,noche,Asientos,10.0,autoets,abordar
2025-12-09 02:00:00,corredor,301,301,0.0,0.0,0.0,10.0,480.0,0.0,0.0,noche,Asientos,10.0,autoets,abordar
2025-12-09 02:00:00,corredor,305,305,0.0,0.0,0.0,10.0,480.0,0.0,0.0,noche,Asientos,10.0,autoets,abordar
2025-12-09 02:00:00,corredor,370,370,0.0,0.0,0.0,10.0,480.0,0.0,0.0,noche,Asientos,10.0,autoets,abordar
2025-12-09 02:00:00,corredor,371,371,0.0,0.0,0.0,10.0,480.0,0.0,0.0,noche,Asientos,10.0,autoets,abordar
2025-12-09 02:00:00,corredor,404,404,0.0,0.0,0.0,10.0,480.0,0.0,0.0,noche,Asientos,10.0,autoets,abordar
2025-12-09 02:00:00,corredor,405,405,0.0,0.0,0.0,10.0,480.0,0.0,0.0,noche,Asientos,10.0,autoets,abordar
2025-12-09 02:00:00,corredor,406,406,0.0,0.0,0.0,10.0,480.0,0.0,0.0,noche,Asientos,10.0,autoets,abordar
2025-12-09 02:00:00,corredor,412,412,0.0,0.0,0.0,10.0,480.0,0.0,0.0,noche,Asientos,10.0,autoets,abordar
2025-12-09 03:00:00,corredor,201,201,0.0,0.0,0.0,10.0,480.0,0.0,0.0,noche,Asientos,10.0,autoets,abordar
2025-12-09 03:00:00,corredor,204,204,0.0,0.0,0.0,10.0,480.0,0.0,0.0,noche,Asientos,10.0,autoets,abordar
2025-12-09 03:00:00,corredor,206,206,0.0,0.0,0.0,10.0,480.0,0.0,0.0,noche,Asientos,10.0,autoets,abordar
2025-12-09 03:00:00,corredor,209,209,0.0,0.0,0.0,10.0,480.0,0.0,0.0,noche,Asientos,10.0,autoets,abordar
2025-12-09 03:00:00,corredor,301,301,0.0,0.0,0.0,10.0,480.0,0.0,0.0,noche,Asientos,10.0,autoets,abordar
2025-12-09 03:00:00,corredor,305,305,0.0,0.0,0.0,10.0,480.0,0.0,0.0,noche,Asientos,10.0,autoets,abordar
2025-12-09 03:00:00,corredor,370,370,0.0,0.0,0.0,10.0,480.0,0.0,0.0,noche,Asientos,10.0,autoets,abordar
2025-12-09 03:00:00,corredor,371,371,0.0,0.0,0.0,10.0,480.0,0.0,0.0,noche,Asientos,10.0,autoets,abordar
2025-12-09 03:00:00,corredor,404,404,0.0,0.0,0.0,10.0,480.0,0.0,0.0,noche,Asientos,10.0,autoets,abordar
2025-12-09 03:00:00,corredor,405,405,0.0,0.0,0.0,10.0,480.0,0.0,0.0,noche,Asientos,10.0,autoets,abordar
2025-12-09 03:00:00,corredor,406,406,0.0,0.0,0.0,10.0,480.0,0.0,0.0,noche,Asientos,10.0,autoets,abordar
2025-12-09 03:00:00,corredor,412,412,0.0,0.0,0.0,10.0,480.0,0.0,0.0,noche,Asientos,10.0,autoets,abordar
2025-12-09 04:00:00,corredor,201,201,0.0,0.0,0.0,10.0,480.0,0.0,0.0,noche,Asientos,10.0,autoets,abordar
2025-12-09 04:00:00,corredor,204,204,0.0,0.0,0.0,10.0,480.0,0.0,0.0,noche,Asientos,10.0,autoets,abordar
2025-12-09 04:00:00,corredor,206,206,0.0,0.0,0.0,10.0,480.0,0.0,0.0,noche,Asientos,10.0,autoets,abordar
2025-12-09 04:00:00,corredor,209,209,0.0,0.0,0.0,10.0,480.0,0.0,0.0,noche,Asientos,10.0,autoets,abordar
2025-12-09 04:00:00,corredor,301,301,0.0,0.0,0.0,10.0,480.0,0.0,0.0,noche,Asientos,10.0,autoets,abordar
2025-12-09 04:00:00,corredor,305,305,0.0,0.0,0.0,10.0,480.0,0.0,0.0,noche,Asientos,10.0,autoets,abordar
2025-12-09 04:00:00,corredor,370,370,0.0,0.0,0.0,10.0,480.0,0.0,0.0,noche,Asientos,10.0,autoets,abordar
2025-12-09 04:00:00,corredor,371,371,0.0,0.0,0.0,10.0,480.0,0.0,0.0,noche,Asientos,10.0,autoets,abordar
2025-12-09 04:00:00,corredor,404,404,0.0,0.0,0.0,10.0,480.0,0.0,0.0,noche,Asientos,10.0,autoets,abordar
2025-12-09 04:00:00,corredor,405,405,0.0,0.0,0.0,10.0,480.0,0.0,0.0,noche,Asientos,10.0,autoets,abordar
2025-12-09 04:00:00,corredor,406,406,0.0,0.0,0.0,10.0,480.0,0.0,0.0,noche,Asientos,10.0,autoets,abordar
2025-12-09 04:00:00,corredor,412,412,0.0,0.0,0.0,10.0,480.0,0.0,0.0,noche,Asientos,10.0,autoets,abordar
2025-12-09 05:00:00,corredor,201,201,1078.4002949684111,916.6402507231494,1240.1603392136726,10.0,480.0,2.2466672811841897,2.2466672811841897,noche,Saturado,13.0,autoets,cambiar_paradero
2025-12-09 05:00:00,corredor,204,204,605.6125134337044,514.7706364186487,696.45439044876,10.0,480.0,1.2616927363202175,1.2616927363202175,noche,De_pie,11.0,autoets,abordar
2025-12-09 05:00:00,corredor,206,206,0.0,0.0,0.0,10.0,480.0,0.0,0.0,noche,Asientos,10.0,autoets,abordar
2025-12-09 05:00:00,corredor,209,209,174.9329293840429,148.69298997643645,201.1728687916493,10.0,480.0,0.3644436028834227,0.3644436028834227,noche,De_pie,11.0,autoets,abordar
2025-12-09 05:00:00,corredor,301,301,154.18978358114208,131.06131604397078,177.31825111831338,10.0,480.0,0.321228715794046,0.321228715794046,noche,De_pie,11.0,autoets,abordar
2025-12-09 05:00:00,corredor,305,305,67.88322407328417,57.70074046229154,78.06570768427679,10.0,480.0,0.1414233834860087,0.1414233834860087,noche,Asientos,10.0,autoets,abordar
2025-12-09 05:00:00,corredor,370,370,127.35568258740733,108.25233019929622,146.45903497551842,10.0,480.0,0.26532433872376526,0.26532433872376526,noche,De_pie,11.0,autoets,abordar
2025-12-09 05:00:00,corredor,371,371,17.423155296340994,14.809682001889845,20.03662859079214,10.0,480.0,0.0362982402007104,0.0362982402007104,noche,Asientos,10.0,autoets,abordar
2025-12-09 05:00:00,corredor,404,404,573.466191932624,487.4462631427304,659.4861207225176,10.0,480.0,1.1947212331929669,1.1947212331929669,noche,De_pie,11.0,autoets,abordar
2025-12-09 05:00:00,corredor,405,405,190.34412394040768,161.79250534934653,218.8957425314688,10.0,480.0,0.39655025820918266,0.39655025820918266,noche,De_pie,11.0,autoets,abordar
2025-12-09 05:00:00,corredor,406,406,81.34859117542632,69.14630249911237,93.55087985174026,10.0,480.0,0.1694762316154715,0.1694762316154715,noche,De_pie,11.0,autoets,abordar
2025-12-09 05:00:00,corredor,412,412,68.68548029223604,58.38265824840063,78.98830233607144,10.0,480.0,0.14309475060882507,0.14309475060882507,noche,Asientos,10.0,autoets,abordar
2025-12-09 06:00:00,corredor,201,201,3870.680712453065,3290.0786055851054,4451.282819321024,10.0,480.0,8.063918150943886,8.063918150943886,punta_am,Saturado,13.0,autoets,cambiar_paradero
2025-12-09 06:00:00,corredor,204,204,1691.8466779404523,1438.0696762493844,1945.62367963152,10.0,480.0,3.524680579042609,3.524680579042609,punta_am,De_pie,11.0,autoets,abordar
2025-12-09 06:00:00,corredor,206,206,1455.0328080108864,1236.7778868092535,1673.2877292125193,10.0,480.0,3.03131835002268,3.03131835002268,punta_am,De_pie,11.0,autoets,abordar
2025-12-09 06:00:00,corredor,209,209,1252.4346862801244,1064.5694833381058,1440.299889222143,10.0,480.0,2.6092389297502594,2.6092389297502594,punta_am,Asientos,10.0,autoets,abordar
2025-12-09 06:00:00,corredor,301,301,1176.201702205231,999.7714468744463,1352.6319575360155,10.0,480.0,2.4504202129275643,2.4504202129275643,punta_am,Asientos,10.0,autoets,abordar
2025-12-09 06:00:00,corredor,305,305,532.1265513212779,452.30756862308624,611.9455340194696,10.0,480.0,1.108596981919329,1.108596981919329,punta_am,Asientos,10.0,autoets,abordar
2025-12-09 06:00:00,corredor,370,370,145.55046388344473,123.71789430092802,167.38303346596143,10.0,480.0,0.3032301330905099,0.3032301330905099,punta_am,Asientos,10.0,autoets,abordar
2025-12-09 06:00:00,corredor,371,371,63.11777197264433,53.65010617674768,72.58543776854097,10.0,480.0,0.13149535827634234,0.13149535827634234,punta_am,Asientos,10.0,autoets,abordar
2025-12-09 06:00:00,corredor,404,404,1069.510636444035,909.0840409774298,1229.9372319106403,10.0,480.0,2.2281471592584063,2.2281471592584063,punta_am,Asientos,10.0,autoets,abordar
2025-12-09 06:00:00,corredor,405,405,518.4895234517194,440.7160949339615,596.2629519694773,10.0,480.0,1.0801865071910821,1.0801865071910821,punta_am,Asientos,10.0,autoets,abordar
2025-12-09 06:00:00,corredor,406,406,220.91805036126343,187.7803428070739,254.05575791545292,10.0,480.0,0.46024593825263216,0.46024593825263216,punta_am,Asientos,10.0,autoets,abordar
2025-12-09 06:00:00,corredor,412,412,834.0179091704265,708.9152227948625,959.1205955459903,10.0,480.0,1.7375373107717218,1.7375373107717218,punta_am,Asientos,10.0,autoets,abordar
2025-12-09 07:00:00,corredor,201,201,4159.656897033977,3535.70836247888,4783.605431589073,10.0,480.0,8.665951868820786,8.665951868820786,punta_am,Saturado,13.0,autoets,cambiar_paradero
2025-12-09 07:00:00,corredor,204,204,1690.8716721432677,1437.2409213217775,1944.5024229647577,10.0,480.0,3.522649316965141,3.522649316965141,punta_am,De_pie,11.0,autoets,abordar
2025-12-09 07:00:00,corredor,206,206,1695.9282920592489,1441.5390482503615,1950.317535868136,10.0,480.0,3.5331839417901016,3.5331839417901016,punta_am,De_pie,11.0,autoets,abordar
2025-12-09 07:00:00,corredor,209,209,1407.1362836441117,1196.065841097495,1618.2067261907284,10.0,480.0,2.931533924258566,2.931533924258566,punta_am,De_pie,11.0,autoets,abordar
2025-12-09 07:00:00,corredor,301,301,1651.486861884768,1403.7638326020526,1899.209891167483,10.0,480.0,3.4405976289265996,3.4405976289265996,punta_am,De_pie,11.0,autoets,abordar
2025-12-09 07:00:00,corredor,305,305,868.1125216142632,737.8956433721237,998.3293998564026,10.0,480.0,1.8085677533630482,1.8085677533630482,punta_am,Asientos,10.0,autoets,abordar
2025-12-09 07:00:00,corredor,370,370,178.7072436275537,151.90115708342066,205.51333017168676,10.0,480.0,0.37230675755740356,0.37230675755740356,punta_am,Asientos,10.0,autoets,abordar
2025-12-09 07:00:00,corredor,371,371,128.93438362095512,109.59422607781184,148.27454116409837,10.0,480.0,0.2686132992103232,0.2686132992103232,punta_am,Asientos,10.0,autoets,abordar
2025-12-09 07:00:00,corredor,404,404,1676.921152575554,1425.382979689221,1928.459325461887,10.0,480.0,3.493585734532404,3.493585734532404,punta_am,De_pie,11.0,autoets,abordar
2025-12-09 07:00:00,corredor,405,405,624.1434719879128,530.5219511897259,717.7649927860997,10.0,480.0,1.3002988999748184,1.3002988999748184,punta_am,Asientos,10.0,autoets,abordar
2025-12-09 07:00:00,corredor,406,406,340.43204809202416,289.3672408782205,391.49685530582775,10.0,480.0,0.7092334335250503,0.7092334335250503,punta_am,Asientos,10.0,autoets,abordar
2025-12-09 07:00:00,corredor,412,412,1213.7991911007416,1031.7293124356304,1395.8690697658528,10.0,480.0,2.5287483147932117,2.5287483147932117,punta_am,Asientos,10.0,autoets,abordar
2025-12-09 08:00:00,corredor,201,201,3047.3193186524727,2590.2214208546015,3504.4172164503434,10.0,480.0,6.348581913859318,6.348581913859318,punta_am,Saturado,13.0,autoets,cambiar_paradero
2025-12-09 08:00:00,corredor,204,204,1320.6507220875087,1122.5531137743824,1518.7483304006348,10.0,480.0,2.7513556710156433,2.7513556710156433,punta_am,Asientos,10.0,autoets,abordar
2025-12-09 08:00:00,corredor,206,206,1317.438049148112,1119.8223417758952,1515.0537565203288,10.0,480.0,2.7446626023919,2.7446626023919,punta_am,Asientos,10.0,autoets,abordar
2025-12-09 08:00:00,corredor,209,209,988.0922510496137,839.8784133921716,1136.3060887070556,10.0,480.0,2.0585255230200286,2.0585255230200286,punta_am,Asientos,10.0,autoets,abordar
2025-12-09 08:00:00,corredor,301,301,1174.2701460872054,998.1296241741245,1350.410668000286,10.0,480.0,2.446396137681678,2.446396137681678,punta_am,Asientos,10.0,autoets,abordar
2025-12-09 08:00:00,corredor,305,305,594.5046748952232,505.32897366093965,683.6803761295066,10.0,480.0,1.2385514060317149,1.2385514060317149,punta_am,Asientos,10.0,autoets,abordar
2025-12-09 08:00:00,corredor,370,370,108.89990033655911,92.56491528607525,125.23488538704297,10.0,480.0,0.22687479236783148,0.22687479236783148,punta_am,Asientos,10.0,autoets,abordar
2025-12-09 08:00:00,corredor,371,371,100.83325032506077,85.70826277630165,115.95823787381988,10.0,480.0,0.21006927151054328,0.21006927151054328,punta_am,Asientos,10.0,autoets,abordar
2025-12-09 08:00:00,corredor,404,404,1197.7899463948038,1018.1214544355832,1377.4584383540243,10.0,480.0,2.495395721655841,2.495395721655841,punta_am,Asientos,10.0,autoets,abordar
2025-12-09 08:00:00,corredor,405,405,463.39232221696693,393.8834738844219,532.9011705495119,10.0,480.0,0.9654006712853478,0.9654006712853478,punta_am,Asientos,10.0,autoets,abordar
2025-12-09 08:00:00,corredor,406,406,349.9433989025954,297.4518890672061,402.43490873798464,10.0,480.0,0.7290487477137404,0.7290487477137404,punta_am,Asientos,10.0,autoets,abordar
2025-12-09 08:00:00,corredor,412,412,854.9738213996578,726.7277481897091,983.2198946096064,10.0,480.0,1.781195461249287,1.781195461249287,punta_am,Asientos,10.0,autoets,abordar
2025-12-09 09:00:00,corredor,201,201,1914.7242642479698,1627.5156246107742,2201.932903885165,10.0,480.0,3.989008883849937,3.989008883849937,punta_am,De_pie,11.0,autoets,abordar
2025-12-09 09:00:00,corredor,204,204,868.5550697257326,738.2718092668727,998.8383301845923,10.0,480.0,1.8094897285952762,1.8094897285952762,punta_am,Asientos,10.0,autoets,abordar
2025-12-09 09:00:00,corredor,206,206,743.960852134192,632.3667243140632,855.5549799543207,10.0,480.0,1.5499184419462333,1.5499184419462333,punta_am,Asientos,10.0,autoets,abordar
2025-12-09 09:00:00,corredor,209,209,560.9938910025639,476.8448073521793,645.1429746529485,10.0,480.0,1.1687372729220082,1.1687372729220082,punta_am,Asientos,10.0,autoets,abordar
2025-12-09 09:00:00,corredor,301,301,757.6152730911006,643.9729821274354,871.2575640547656,10.0,480.0,1.5783651522731261,1.5783651522731261,punta_am,Asientos,10.0,autoets,abordar
2025-12-09 09:00:00,corredor,305,305,407.7585313495634,346.5947516471289,468.92231105199784,10.0,480.0,0.8494969403115904,0.8494969403115904,punta_am,Asientos,10.0,autoets,abordar
2025-12-09 09:00:00,corredor,370,370,85.20669656884203,72.42569208351573,97.98770105416833,10.0,480.0,0.17751395118508756,0.17751395118508756,punta_am,Asientos,10.0,autoets,abordar
2025-12-09 09:00:00,corredor,371,371,80.454716566239,68.38650908130315,92.52292405117484,10.0,480.0,0.16761399284633124,0.16761399284633124,punta_am,Asientos,10.0,autoets,abordar
2025-12-09 09:00:00,corredor,404,404,919.0649518870216,781.2052091039684,1056.9246946700748,10.0,480.0,1.9147186497646282,1.9147186497646282,punta_am,Asientos,10.0,autoets,abordar
2025-12-09 09:00:00,corredor,405,405,297.754698113478,253.09149339645631,342.4179028304997,10.0,480.0,0.6203222877364125,0.6203222877364125,punta_am,Asientos,10.0,autoets,abordar
2025-12-09 09:00:00,corredor,406,406,258.2735035717632,219.53247803599868,297.0145291075276,10.0,480.0,0.5380697991078399,0.5380697991078399,punta_am,Asientos,10.0,autoets,abordar
2025-12-09 09:00:00,corredor,412,412,493.88726051972594,419.80417144176704,567.9703495976848,10.0,480.0,1.028931792749429,1.028931792749429,punta_am,Asientos,10.0,autoets,abordar
2025-12-09 10:00:00,corredor,201,201,1691.008467663903,1437.3571975143175,1944.6597378134884,10.0,480.0,3.522934307633131,3.522934307633131,valle,De_pie,11.0,autoets,abordar
2025-12-09 10:00:00,corredor,204,204,574.6219860709265,488.4286881602875,660.8152839815654,10.0,480.0,1.1971291376477635,1.1971291376477635,valle,Asientos,10.0,autoets,abordar
2025-12-09 10:00:00,corredor,206,206,527.6426156800219,448.4962233280186,606.7890080320251,10.0,480.0,1.099255449333379,1.099255449333379,valle,Asientos,10.0,autoets,abordar
2025-12-09 10:00:00,corredor,209,209,441.5989016934524,375.3590664394345,507.8387369474702,10.0,480.0,0.9199977118613591,0.9199977118613591,valle,Asientos,10.0,autoets,abordar
2025-12-09 10:00:00,corredor,301,301,740.6137373100836,629.5216767135711,851.7057979065961,10.0,480.0,1.5429452860626742,1.5429452860626742,valle,Asientos,10.0,autoets,abordar
2025-12-09 10:00:00,corredor,305,305,392.37252901916895,333.5166496662936,451.22840837204427,10.0,480.0,0.8174427687899353,0.8174427687899353,valle,Asientos,10.0,autoets,abordar
2025-12-09 10:00:00,corredor,370,370,44.54619540192509,37.864266091636324,51.22812471221385,10.0,480.0,0.0928045737540106,0.0928045737540106,valle,Asientos,10.0,autoets,abordar
2025-12-09 10:00:00,corredor,371,371,75.57845037215748,64.24168281633385,86.91521792798109,10.0,480.0,0.15745510494199474,0.15745510494199474,valle,Asientos,10.0,autoets,abordar
2025-12-09 10:00:00,corredor,404,404,809.5585692037827,688.1247838232152,930.99235458435,10.0,480.0,1.6865803525078806,1.6865803525078806,valle,Asientos,10.0,autoets,abordar
2025-12-09 10:00:00,corredor,405,405,243.22229791154277,206.73895322481135,279.70564259827415,10.0,480.0,0.5067131206490474,0.5067131206490474,valle,Asientos,10.0,autoets,abordar
2025-12-09 10:00:00,corredor,406,406,191.2740001541034,162.58290013098787,219.9651001772189,10.0,480.0,0.39848750032104874,0.39848750032104874,valle,Asientos,10.0,autoets,abordar
2025-12-09 10:00:00,corredor,412,412,358.65018600696686,304.8526581059218,412.44771390801185,10.0,480.0,0.7471878875145143,0.7471878875145143,valle,Asientos,10.0,autoets,abordar
2025-12-09 11:00:00,corredor,201,201,1496.0275620372058,1271.6234277316248,1720.4316963427866,10.0,480.0,3.116724087577512,3.116724087577512,valle,De_pie,11.0,autoets,abordar
2025-12-09 11:00:00,corredor,204,204,537.5615444242189,456.92731276058606,618.1957760878518,10.0,480.0,1.1199198842171227,1.1199198842171227,valle,Asientos,10.0,autoets,abordar
2025-12-09 11:00:00,corredor,206,206,447.8849897854933,380.7022413176693,515.0677382533173,10.0,480.0,0.9330937287197777,0.9330937287197777,valle,Asientos,10.0,autoets,abordar
2025-12-09 11:00:00,corredor,209,209,414.19464764341785,352.06545049690516,476.3238447899305,10.0,480.0,0.8629055159237872,0.8629055159237872,valle,Asientos,10.0,autoets,abordar
2025-12-09 11:00:00,corredor,301,301,753.3421604435894,640.3408363770509,866.3434845101277,10.0,480.0,1.569462834257478,1.569462834257478,valle,Asientos,10.0,autoets,abordar
2025-12-09 11:00:00,corredor,305,305,408.1153470630184,346.89804500356564,469.33264912247114,10.0,480.0,0.8502403063812883,0.8502403063812883,valle,Asientos,10.0,autoets,abordar
2025-12-09 11:00:00,corredor,370,370,28.58496782633729,24.297222652386697,32.87271300028788,10.0,480.0,0.05955201630486936,0.05955201630486936,valle,Asientos,10.0,autoets,abordar
2025-12-09 11:00:00,corredor,371,371,79.23530432123039,67.35000867304582,91.12059996941494,10.0,480.0,0.16507355066922996,0.16507355066922996,valle,Asientos,10.0,autoets,abordar
2025-12-09 11:00:00,corredor,404,404,706.8893681246747,600.8559629059735,812.9227733433758,10.0,480.0,1.4726861835930722,1.4726861835930722,valle,Asientos,10.0,autoets,abordar
2025-12-09 11:00:00,corredor,405,405,196.4023027189068,166.94195731107078,225.8626481267428,10.0,480.0,0.40917146399772253,0.40917146399772253,valle,Asientos,10.0,autoets,abordar
2025-12-09 11:00:00,corredor,406,406,157.8209485250414,134.14780624628517,181.49409080379758,10.0,480.0,0.3287936427605029,0.3287936427605029,valle,Asientos,10.0,autoets,abordar
2025-12-09 11:00:00,corredor,412,412,320.84536600734623,272.7185611062443,368.9721709084481,10.0,480.0,0.668427845848638,0.668427845848638,valle,Asientos,10.0,autoets,abordar
2025-12-09 12:00:00,corredor,201,201,1951.427585006656,1658.7134472556577,2244.1417227576544,10.0,480.0,4.0654741354305335,4.0654741354305335,valle,Saturado,13.0,autoets,cambiar_paradero
2025-12-09 12:00:00,corredor,204,204,643.2023791736883,546.722022297635,739.6827360497415,10.0,480.0,1.3400049566118506,1.3400049566118506,valle,Asientos,10.0,autoets,abordar
2025-12-09 12:00:00,corredor,206,206,642.7546851078156,546.3414823416432,739.1678878739879,10.0,480.0,1.3390722606412824,1.3390722606412824,valle,Asientos,10.0,autoets,abordar
2025-12-09 12:00:00,corredor,209,209,529.6096748196666,450.1682235967166,609.0511260426165,10.0,480.0,1.1033534892076386,1.1033534892076386,valle,Asientos,10.0,autoets,abordar
2025-12-09 12:00:00,corredor,301,301,850.1417773234805,722.6205107249584,977.6630439220024,10.0,480.0,1.771128702757251,1.771128702757251,valle,Asientos,10.0,autoets,abordar
2025-12-09 12:00:00,corredor,305,305,439.43009644482396,373.51558197810033,505.34461091154753,10.0,480.0,0.9154793675933832,0.9154793675933832,valle,Asientos,10.0,autoets,abordar
2025-12-09 12:00:00,corredor,370,370,37.11161958252219,31.54487664514386,42.67836251990051,10.0,480.0,0.07731587413025456,0.07731587413025456,valle,Asientos,10.0,autoets,abordar
2025-12-09 12:00:00,corredor,371,371,86.34292465698854,73.39148595844026,99.29436335553682,10.0,480.0,0.1798810930353928,0.1798810930353928,valle,Asientos,10.0,autoets,abordar
2025-12-09 12:00:00,corredor,404,404,688.122421887469,584.9040586043486,791.3407851705894,10.0,480.0,1.4335883789322272,1.4335883789322272,valle,Asientos,10.0,autoets,abordar
2025-12-09 12:00:00,corredor,405,405,185.9743876201483,158.07822947712606,213.87054576317053,10.0,480.0,0.38744664087530895,0.38744664087530895,valle,Asientos,10.0,autoets,abordar
2025-12-09 12:00:00,corredor,406,406,150.1594071192822,127.63549605138988,172.68331818717454,10.0,480.0,0.31283209816517127,0.31283209816517127,valle,Asientos,10.0,autoets,abordar
2025-12-09 12:00:00,corredor,412,412,439.4194554802039,373.50653715817333,505.33237380223443,10.0,480.0,0.9154571989170914,0.9154571989170914,valle,Asientos,10.0,autoets,abordar
2025-12-09 13:00:00,corredor,201,201,2329.23935849843,1979.8534547236657,2678.6252622731945,10.0,480.0,4.85258199687173,4.85258199687173,valle,Saturado,13.0,autoets,cambiar_paradero
2025-12-09 13:00:00,corredor,204,204,722.5561073743671,614.172691268212,830.9395234805221,10.0,480.0,1.5053252236965982,1.5053252236965982,valle,Asientos,10.0,autoets,abordar
2025-12-09 13:00:00,corredor,206,206,789.1474134928578,670.7753014689291,907.5195255167864,10.0,480.0,1.644057111443454,1.644057111443454,valle,Asientos,10.0,autoets,abordar
2025-12-09 13:00:00,corredor,209,209,687.0327551481042,583.9778418758885,790.0876684203198,10.0,480.0,1.4313182398918838,1.4313182398918838,valle,Asientos,10.0,autoets,abordar
2025-12-09 13:00:00,corredor,301,301,1027.784085103202,873.6164723377217,1181.9516978686822,10.0,480.0,2.141216843965004,2.141216843965004,valle,De_pie,11.0,autoets,abordar
2025-12-09 13:00:00,corredor,305,305,556.1333839638132,472.71337636924125,639.5533915583852,10.0,480.0,1.1586112165912776,1.1586112165912776,valle,Asientos,10.0,autoets,abordar
2025-12-09 13:00:00,corredor,370,370,29.079007694276243,24.717156540134805,33.440858848417676,10.0,480.0,0.06058126602974217,0.06058126602974217,valle,Asientos,10.0,autoets,abordar
2025-12-09 13:00:00,corredor,371,371,111.0196110536954,94.36666939564108,127.6725527117497,10.0,480.0,0.23129085636186542,0.23129085636186542,valle,Asientos,10.0,autoets,abordar
2025-12-09 13:00:00,corredor,404,404,725.0772239171075,616.3156403295413,833.8388075046736,10.0,480.0,1.5105775498273073,1.5105775498273073,valle,Asientos,10.0,autoets,abordar
2025-12-09 13:00:00,corredor,405,405,184.48362011678245,156.81107709926508,212.1561631342998,10.0,480.0,0.38434087524329674,0.38434087524329674,valle,Asientos,10.0,autoets,abordar
2025-12-09 13:00:00,corredor,406,406,151.78996413524985,129.02146951496238,174.55845875553732,10.0,480.0,0.3162290919484372,0.3162290919484372,valle,Asientos,10.0,autoets,abordar
2025-12-09 13:00:00,corredor,412,412,557.369021733354,473.7636684733509,640.9743749933571,10.0,480.0,1.1611854619444875,1.1611854619444875,valle,Asientos,10.0,autoets,abordar
2025-12-09 14:00:00,corredor,201,201,2048.562130082425,1741.2778105700613,2355.8464495947887,10.0,480.0,4.267837771005052,4.267837771005052,valle,Saturado,13.0,autoets,cambiar_paradero
2025-12-09 14:00:00,corredor,204,204,633.8941730798983,538.8100471179135,728.978299041883,10.0,480.0,1.3206128605831216,1.3206128605831216,valle,Asientos,10.0,autoets,abordar
2025-12-09 14:00:00,corredor,206,206,727.5255779593653,618.3967412654605,836.65441465327,10.0,480.0,1.5156782874153443,1.5156782874153443,valle,Asientos,10.0,autoets,abordar
2025-12-09 14:00:00,corredor,209,209,487.5239310977214,414.3953414330632,560.6525207623796,10.0,480.0,1.0156748564535862,1.0156748564535862,valle,Asientos,10.0,autoets,abordar
2025-12-09 14:00:00,corredor,301,301,994.4400696117216,845.2740591699634,1143.6060800534797,10.0,480.0,2.07175014502442,2.07175014502442,valle,De_pie,11.0,autoets,abordar
2025-12-09 14:00:00,corredor,305,305,520.5190056506701,442.4411548030696,598.5968564982705,10.0,480.0,1.0844145951055628,1.0844145951055628,valle,Asientos,10.0,autoets,abordar
2025-12-09 14:00:00,corredor,370,370,30.679166940030115,26.077291899025596,35.281041981034626,10.0,480.0,0.06391493112506273,0.06391493112506273,valle,Asientos,10.0,autoets,abordar
2025-12-09 14:00:00,corredor,371,371,110.27354647899651,93.73251450714703,126.81457845084597,10.0,480.0,0.22973655516457606,0.22973655516457606,valle,Asientos,10.0,autoets,abordar
2025-12-09 14:00:00,corredor,404,404,689.3246087004693,585.9259173953989,792.7233000055396,10.0,480.0,1.4360929347926443,1.4360929347926443,valle,Asientos,10.0,autoets,abordar
2025-12-09 14:00:00,corredor,405,405,187.49075278277377,159.3671398653577,215.6143657001898,10.0,480.0,0.390605734964112,0.390605734964112,valle,Asientos,10.0,autoets,abordar
2025-12-09 14:00:00,corredor,406,406,161.25010702219913,137.06259096886924,185.437623075529,10.0,480.0,0.33593772296291485,0.33593772296291485,valle,Asientos,10.0,autoets,abordar
2025-12-09 14:00:00,corredor,412,412,558.9238720158376,475.0852912134619,642.7624528182131,10.0,480.0,1.1644247333663282,1.1644247333663282,valle,Asientos,10.0,autoets,abordar
2025-12-09 15:00:00,corredor,201,201,2234.4691834953564,1899.2988059710528,2569.6395610196596,10.0,480.0,4.655144132281992,4.655144132281992,valle,Saturado,13.0,autoets,cambiar_paradero
2025-12-09 15:00:00,corredor,204,204,876.4934788088809,745.0194569875488,1007.967500630213,10.0,480.0,1.8260280808518352,1.8260280808518352,valle,Asientos,10.0,autoets,abordar
2025-12-09 15:00:00,corredor,206,206,801.5202201366287,681.2921871161344,921.7482531571229,10.0,480.0,1.6698337919513098,1.6698337919513098,valle,Asientos,10.0,autoets,abordar
2025-12-09 15:00:00,corredor,209,209,545.2231239398335,463.4396553488585,627.0065925308085,10.0,480.0,1.1358815082079865,1.1358815082079865,valle,Asientos,10.0,autoets,abordar
2025-12-09 15:00:00,corredor,301,301,1108.1896842387835,941.9612316029659,1274.4181368746008,10.0,480.0,2.3087285088307987,2.3087285088307987,valle,De_pie,11.0,autoets,abordar
2025-12-09 15:00:00,corredor,305,305,532.1250836658478,452.3063211159706,611.9438462157249,10.0,480.0,1.1085939243038496,1.1085939243038496,valle,Asientos,10.0,autoets,abordar
2025-12-09 15:00:00,corredor,370,370,33.199032363760814,28.21917750919669,38.17888721832493,10.0,480.0,0.06916465075783503,0.06916465075783503,valle,Asientos,10.0,autoets,abordar
2025-12-09 15:00:00,corredor,371,371,89.49717340309881,76.072597392634,102.92174941356363,10.0,480.0,0.18645244458978918,0.18645244458978918,valle,Asientos,10.0,autoets,abordar
2025-12-09 15:00:00,corredor,404,404,738.9891870769093,628.1408090153728,849.8375651384456,10.0,480.0,1.5395608064102277,1.5395608064102277,valle,Asientos,10.0,autoets,abordar
2025-12-09 15:00:00,corredor,405,405,244.11384592315494,207.4967690346817,280.73092281162815,10.0,480.0,0.5085705123399061,0.5085705123399061,valle,Asientos,10.0,autoets,abordar
2025-12-09 15:00:00,corredor,406,406,186.10619158799085,158.19026284979222,214.02212032618945,10.0,480.0,0.3877212324749809,0.3877212324749809,valle,Asientos,10.0,autoets,abordar
2025-12-09 15:00:00,corredor,412,412,550.5141315995734,467.9370118596374,633.0912513395093,10.0,480.0,1.1469044408324445,1.1469044408324445,valle,Asientos,10.0,autoets,abordar
2025-12-09 16:00:00,corredor,201,201,2896.5662708368955,2462.081330211361,3331.0512114624294,10.0,480.0,6.034513064243532,6.034513064243532,punta_pm,Saturado,13.0,autoets,cambiar_paradero
2025-12-09 16:00:00,corredor,204,204,1227.9784976022231,1043.7817229618897,1412.1752722425565,10.0,480.0,2.558288536671298,2.558288536671298,punta_pm,Asientos,10.0,autoets,abordar
2025-12-09 16:00:00,corredor,206,206,1182.5095036752875,1005.1330781239943,1359.8859292265806,10.0,480.0,2.4635614659901823,2.4635614659901823,punta_pm,Asientos,10.0,autoets,abordar
2025-12-09 16:00:00,corredor,209,209,816.2342874473322,693.7991443302324,938.669430564432,10.0,480.0,1.7004880988486089,1.7004880988486089,punta_pm,Asientos,10.0,autoets,abordar
2025-12-09 16:00:00,corredor,301,301,1206.565187522925,1025.5804093944862,1387.5499656513637,10.0,480.0,2.513677474006094,2.513677474006094,punta_pm,Asientos,10.0,autoets,abordar
2025-12-09 16:00:00,corredor,305,305,599.0450289047634,509.1882745690489,688.9017832404778,10.0,480.0,1.2480104768849238,1.2480104768849238,punta_pm,Asientos,10.0,autoets,abordar
2025-12-09 16:00:00,corredor,370,370,42.64828793919577,36.2510447483164,49.045531130075126,10.0,480.0,0.08885059987332451,0.08885059987332451,punta_pm,Asientos,10.0,autoets,abordar
2025-12-09 16:00:00,corredor,371,371,75.43528773575193,64.11999457538914,86.75058089611471,10.0,480.0,0.1571568494494832,0.1571568494494832,punta_pm,Asientos,10.0,autoets,abordar
2025-12-09 16:00:00,corredor,404,404,813.3822308706785,691.3748962400767,935.3895655012802,10.0,480.0,1.6945463143139137,1.6945463143139137,punta_pm,Asientos,10.0,autoets,abordar
2025-12-09 16:00:00,corredor,405,405,297.0475795022474,252.49044257691028,341.6047164275845,10.0,480.0,0.6188491239630154,0.6188491239630154,punta_pm,Asientos,10.0,autoets,abordar
2025-12-09 16:00:00,corredor,406,406,197.30653663150025,167.7105561367752,226.90251712622526,10.0,480.0,0.41105528464895885,0.41105528464895885,punta_pm,Asientos,10.0,autoets,abordar
2025-12-09 16:00:00,corredor,412,412,648.4006813348653,551.1405791346356,745.6607835350951,10.0,480.0,1.3508347527809694,1.3508347527809694,punta_pm,Asientos,10.0,autoets,abordar
2025-12-09 17:00:00,corredor,201,201,3730.927391669209,3171.2882829188275,4290.56650041959,10.0,480.0,7.7727653993108525,7.7727653993108525,punta_pm,Saturado,13.0,autoets,cambiar_paradero
2025-12-09 17:00:00,corredor,204,204,1647.4579464070175,1400.3392544459648,1894.57663836807,10.0,480.0,3.43220405501462,3.43220405501462,punta_pm,De_pie,11.0,autoets,abordar
2025-12-09 17:00:00,corredor,206,206,1566.9281531697645,1331.8889301942997,1801.967376145229,10.0,480.0,3.2644336524370092,3.2644336524370092,punta_pm,De_pie,11.0,autoets,abordar
2025-12-09 17:00:00,corredor,209,209,1097.264110111535,932.6744935948047,1261.8537266282651,10.0,480.0,2.285966896065698,2.285966896065698,punta_pm,Asientos,10.0,autoets,abordar
2025-12-09 17:00:00,corredor,301,301,1476.1848652017793,1254.7571354215124,1697.6125949820462,10.0,480.0,3.07538513583704,3.07538513583704,punta_pm,De_pie,11.0,autoets,abordar
2025-12-09 17:00:00,corredor,305,305,734.6896170622317,624.4861745028969,844.8930596215664,10.0,480.0,1.5306033688796494,1.5306033688796494,punta_pm,Asientos,10.0,autoets,abordar
2025-12-09 17:00:00,corredor,370,370,57.034195404361085,48.47906609370692,65.58932471501524,10.0,480.0,0.11882124042575226,0.11882124042575226,punta_pm,Asientos,10.0,autoets,abordar
2025-12-09 17:00:00,corredor,371,371,98.20920821724269,83.47782698465629,112.94058944982909,10.0,480.0,0.20460251711925562,0.20460251711925562,punta_pm,Asientos,10.0,autoets,abordar
2025-12-09 17:00:00,corredor,404,404,1125.8495702477926,956.9721347106237,1294.7270057849614,10.0,480.0,2.3455199380162344,2.3455199380162344,punta_pm,Asientos,10.0,autoets,abordar
2025-12-09 17:00:00,corredor,405,405,337.606329819022,286.9653803461687,388.24727929187526,10.0,480.0,0.7033465204562959,0.7033465204562959,punta_pm,Asientos,10.0,autoets,abordar
2025-12-09 17:00:00,corredor,406,406,251.2103931748561,213.5288341986277,288.8919521510845,10.0,480.0,0.5233549857809502,0.5233549857809502,punta_pm,Asientos,10.0,autoets,abordar
2025-12-09 17:00:00,corredor,412,412,962.0981545348551,817.7834313546268,1106.4128777150834,10.0,480.0,2.004371155280948,2.004371155280948,punta_pm,Asientos,10.0,autoets,abordar
2025-12-09 18:00:00,corredor,201,201,3196.5177892428087,2717.040120856387,3675.99545762923,10.0,480.0,6.659412060922518,6.659412060922518,punta_pm,Saturado,13.0,autoets,cambiar_paradero
2025-12-09 18:00:00,corredor,204,204,1518.9336522450244,1291.0936044082707,1746.7737000817779,10.0,480.0,3.164445108843801,3.164445108843801,punta_pm,De_pie,11.0,autoets,abordar
2025-12-09 18:00:00,corredor,206,206,1349.5558736055289,1147.1224925646995,1551.9892546463582,10.0,480.0,2.811574736678185,2.811574736678185,punta_pm,De_pie,11.0,autoets,abordar
2025-12-09 18:00:00,corredor,209,209,1044.253266208606,887.615276277315,1200.8912561398968,10.0,480.0,2.1755276379345956,2.1755276379345956,punta_pm,Asientos,10.0,autoets,abordar
2025-12-09 18:00:00,corredor,301,301,1315.3270122629747,1118.0279604235284,1512.6260641024207,10.0,480.0,2.7402646088811973,2.7402646088811973,punta_pm,De_pie,11.0,autoets,abordar
2025-12-09 18:00:00,corredor,305,305,662.4437919016407,563.0772231163945,761.8103606868867,10.0,480.0,1.380091233128418,1.380091233128418,punta_pm,Asientos,10.0,autoets,abordar
2025-12-09 18:00:00,corredor,370,370,59.33879666967952,50.43797716922759,68.23961617013144,10.0,480.0,0.12362249306183233,0.12362249306183233,punta_pm,Asientos,10.0,autoets,abordar
2025-12-09 18:00:00,corredor,371,371,117.67305814264748,100.02209942125036,135.32401686404458,10.0,480.0,0.24515220446384892,0.24515220446384892,punta_pm,Asientos,10.0,autoets,abordar
2025-12-09 18:00:00,corredor,404,404,1061.6545692057446,902.4063838248828,1220.902754586606,10.0,480.0,2.2117803525119677,2.2117803525119677,punta_pm,Asientos,10.0,autoets,abordar
2025-12-09 18:00:00,corredor,405,405,343.7215825222712,292.16334514393054,395.27981990061187,10.0,480.0,0.7160866302547316,0.7160866302547316,punta_pm,Asientos,10.0,autoets,abordar
2025-12-09 18:00:00,corredor,406,406,260.62145157915893,221.5282338422851,299.71466931603277,10.0,480.0,0.5429613574565811,0.5429613574565811,punta_pm,Asientos,10.0,autoets,abordar
2025-12-09 18:00:00,corredor,412,412,1020.9427454617954,867.8013336425261,1174.0841572810646,10.0,480.0,2.1269640530454073,2.1269640530454073,punta_pm,Asientos,10.0,autoets,abordar
2025-12-09 19:00:00,corredor,201,201,2402.2239491564133,2041.8903567829511,2762.557541529875,10.0,480.0,5.004633227409195,5.004633227409195,punta_pm,De_pie,11.0,autoets,abordar
2025-12-09 19:00:00,corredor,204,204,1126.2236150684303,957.2900728081657,1295.1571573286947,10.0,480.0,2.3462991980592296,2.3462991980592296,punta_pm,Asientos,10.0,autoets,abordar
2025-12-09 19:00:00,corredor,206,206,946.8657409383582,804.8358797976044,1088.8956020791118,10.0,480.0,1.972636960288246,1.972636960288246,punta_pm,Asientos,10.0,autoets,abordar
2025-12-09 19:00:00,corredor,209,209,774.6568666106144,658.4583366190222,890.8553966022065,10.0,480.0,1.6138684721054468,1.6138684721054468,punta_pm,Asientos,10.0,autoets,abordar
2025-12-09 19:00:00,corredor,301,301,987.5598557591472,839.4258773952752,1135.6938341230193,10.0,480.0,2.05741636616489,2.05741636616489,punta_pm,Asientos,10.0,autoets,abordar
2025-12-09 19:00:00,corredor,305,305,547.4646873561238,465.3449842527052,629.5843904595423,10.0,480.0,1.1405514319919245,1.1405514319919245,punta_pm,Asientos,10.0,autoets,abordar
2025-12-09 19:00:00,corredor,370,370,59.04779280631071,50.190623885364104,67.90496172725732,10.0,480.0,0.12301623501314732,0.12301623501314732,punta_pm,Asientos,10.0,autoets,abordar
2025-12-09 19:00:00,corredor,371,371,140.59928700447122,119.50939395380054,161.6891800551419,10.0,480.0,0.29291518125931504,0.29291518125931504,punta_pm,Asientos,10.0,autoets,abordar
2025-12-09 19:00:00,corredor,404,404,899.7625999986374,764.7982099988418,1034.7269899984328,10.0,480.0,1.8745054166638278,1.8745054166638278,punta_pm,Asientos,10.0,autoets,abordar
2025-12-09 19:00:00,corredor,405,405,357.20361832283015,303.6230755744056,410.78416107125463,10.0,480.0,0.7441742048392295,0.7441742048392295,punta_pm,Asientos,10.0,autoets,abordar
2025-12-09 19:00:00,corredor,406,406,239.48291206100163,203.5604752518514,275.40534887015184,10.0,480.0,0.49892273346042004,0.49892273346042004,punta_pm,Asientos,10.0,autoets,abordar
2025-12-09 19:00:00,corredor,412,412,912.5482607830784,775.6660216656167,1049.43049990054,10.0,480.0,1.9011422099647466,1.9011422099647466,punta_pm,Asientos,10.0,autoets,abordar
2025-12-09 20:00:00,corredor,201,201,1479.90996219163,1257.9234678628854,1701.8964565203744,10.0,480.0,3.083145754565896,3.083145754565896,punta_pm,De_pie,11.0,autoets,abordar
2025-12-09 20:00:00,corredor,204,204,685.3955793005906,582.586242405502,788.2049161956792,10.0,480.0,1.4279074568762304,1.4279074568762304,punta_pm,Asientos,10.0,autoets,abordar
2025-12-09 20:00:00,corredor,206,206,433.91840636682065,368.83064541179755,499.0061673218437,10.0,480.0,0.9039966799308764,0.9039966799308764,punta_pm,Asientos,10.0,autoets,abordar
2025-12-09 20:00:00,corredor,209,209,399.115209203899,339.2479278233141,458.9824905844838,10.0,480.0,0.8314900191747896,0.8314900191747896,punta_pm,Asientos,10.0,autoets,abordar
2025-12-09 20:00:00,corredor,301,301,683.1029608797409,580.6375167477797,785.5684050117019,10.0,480.0,1.42313116849946,1.42313116849946,punta_pm,Asientos,10.0,autoets,abordar
2025-12-09 20:00:00,corredor,305,305,373.1542334490877,317.18109843172454,429.12736846645083,10.0,480.0,0.7774046530189327,0.7774046530189327,punta_pm,Asientos,10.0,autoets,abordar
2025-12-09 20:00:00,corredor,370,370,51.97590498566616,44.17951923781624,59.77229073351608,10.0,480.0,0.10828313538680451,0.10828313538680451,punta_pm,Asientos,10.0,autoets,abordar
2025-12-09 20:00:00,corredor,371,371,134.3723991226828,114.21653925428038,154.5282589910852,10.0,480.0,0.2799424981722558,0.2799424981722558,punta_pm,Asientos,10.0,autoets,abordar
2025-12-09 20:00:00,corredor,404,404,747.3048619071627,635.2091326210883,859.400591193237,10.0,480.0,1.5568851289732557,1.5568851289732557,punta_pm,Asientos,10.0,autoets,abordar
2025-12-09 20:00:00,corredor,405,405,301.00009452543964,255.85008034662368,346.15010870425556,10.0,480.0,0.6270835302613326,0.6270835302613326,punta_pm,Asientos,10.0,autoets,abordar
2025-12-09 20:00:00,corredor,406,406,232.11241009589492,197.29554858151067,266.92927161027916,10.0,480.0,0.4835675210331144,0.4835675210331144,punta_pm,Asientos,10.0,autoets,abordar
2025-12-09 20:00:00,corredor,412,412,744.0614513649205,632.4522336601824,855.6706690696585,10.0,480.0,1.5501280236769177,1.5501280236769177,punta_pm,Asientos,10.0,autoets,abordar
2025-12-09 21:00:00,corredor,201,201,572.8037097747454,486.88315330853356,658.7242662409571,10.0,480.0,1.1933410620307194,1.1933410620307194,noche,De_pie,11.0,autoets,abordar
2025-12-09 21:00:00,corredor,204,204,302.0507996352337,256.74317968994865,347.3584195805187,10.0,480.0,0.6292724992400702,0.6292724992400702,noche,De_pie,11.0,autoets,abordar
2025-12-09 21:00:00,corredor,206,206,71.9819962842891,61.18469684164573,82.77929572693246,10.0,480.0,0.14996249225893563,0.14996249225893563,noche,Asientos,10.0,autoets,abordar
2025-12-09 21:00:00,corredor,209,209,133.71433466443335,113.65718446476835,153.77148486409834,10.0,480.0,0.27857153055090283,0.27857153055090283,noche,De_pie,11.0,autoets,abordar
2025-12-09 21:00:00,corredor,301,301,484.1993402284362,411.56943919417074,556.8292412627015,10.0,480.0,1.0087486254759088,1.0087486254759088,noche,De_pie,11.0,autoets,abordar
2025-12-09 21:00:00,corredor,305,305,214.8579718049428,182.62927603420138,247.0866675756842,10.0,480.0,0.4476207745936308,0.4476207745936308,noche,De_pie,11.0,autoets,abordar
2025-12-09 21:00:00,corredor,370,370,44.98921751948095,38.24083489155881,51.73760014740309,10.0,480.0,0.09372753649891866,0.09372753649891866,noche,Asientos,10.0,autoets,abordar
2025-12-09 21:00:00,corredor,371,371,103.37196037672678,87.86616632021776,118.87775443323578,10.0,480.0,0.21535825078484744,0.21535825078484744,noche,De_pie,11.0,autoets,abordar
2025-12-09 21:00:00,corredor,404,404,504.2053915495839,428.57458281714634,579.8362002820214,10.0,480.0,1.0504278990616331,1.0504278990616331,noche,De_pie,11.0,autoets,abordar
2025-12-09 21:00:00,corredor,405,405,239.27355833880034,203.3825245879803,275.1645920896204,10.0,480.0,0.4984865798725007,0.4984865798725007,noche,De_pie,11.0,autoets,abordar
2025-12-09 21:00:00,corredor,406,406,174.23214475954467,148.09732304561297,200.36696647347634,10.0,480.0,0.36298363491571806,0.36298363491571806,noche,De_pie,11.0,autoets,abordar
2025-12-09 21:00:00,corredor,412,412,464.7315134259313,395.0217864120416,534.441240439821,10.0,480.0,0.9681906529706903,0.9681906529706903,noche,De_pie,11.0,autoets,abordar
2025-12-09 22:00:00,corredor,201,201,0.0,0.0,0.0,10.0,480.0,0.0,0.0,noche,Asientos,10.0,autoets,abordar
2025-12-09 22:00:00,corredor,204,204,0.0,0.0,0.0,10.0,480.0,0.0,0.0,noche,Asientos,10.0,autoets,abordar
2025-12-09 22:00:00,corredor,206,206,0.0,0.0,0.0,10.0,480.0,0.0,0.0,noche,Asientos,10.0,autoets,abordar
2025-12-09 22:00:00,corredor,209,209,0.0,0.0,0.0,10.0,480.0,0.0,0.0,noche,Asientos,10.0,autoets,abordar
2025-12-09 22:00:00,corredor,301,301,320.7952378476649,272.6759521705152,368.9145235248146,10.0,480.0,0.6683234121826352,0.6683234121826352,noche,De_pie,11.0,autoets,abordar
2025-12-09 22:00:00,corredor,305,305,212.47437652444492,180.6032200457782,244.34553300311163,10.0,480.0,0.44265495109259356,0.44265495109259356,noche,De_pie,11.0,autoets,abordar
2025-12-09 22:00:00,corredor,370,370,7.501350355516109,6.376147802188693,8.626552908843525,10.0,480.0,0.01562781324065856,0.01562781324065856,noche,Asientos,10.0,autoets,abordar
2025-12-09 22:00:00,corredor,371,371,38.64318575554438,32.84670789221272,44.43966361887603,10.0,480.0,0.08050663699071746,0.08050663699071746,noche,Asientos,10.0,autoets,abordar
2025-12-09 22:00:00,corredor,404,404,378.8359437970814,322.0105522275192,435.6613353666436,10.0,480.0,0.789241549577253,0.789241549577253,noche,De_pie,11.0,autoets,abordar
2025-12-09 22:00:00,corredor,405,405,199.11333115247012,169.2463314795996,228.98033082534062,10.0,480.0,0.4148194399009794,0.4148194399009794,noche,De_pie,11.0,autoets,abordar
2025-12-09 22:00:00,corredor,406,406,153.39828914503948,130.38854577328357,176.4080325167954,10.0,480.0,0.3195797690521656,0.3195797690521656,noche,De_pie,11.0,autoets,abordar
2025-12-09 22:00:00,corredor,412,412,255.5281978121159,217.19896814029852,293.8574274839333,10.0,480.0,0.5323504121085748,0.5323504121085748,noche,De_pie,11.0,autoets,abordar
2025-12-09 23:00:00,corredor,201,201,0.0,0.0,0.0,10.0,480.0,0.0,0.0,noche,Asientos,10.0,autoets,abordar
2025-12-09 23:00:00,corredor,204,204,0.0,0.0,0.0,10.0,480.0,0.0,0.0,noche,Asientos,10.0,autoets,abordar
2025-12-09 23:00:00,corredor,206,206,0.0,0.0,0.0,10.0,480.0,0.0,0.0,noche,Asientos,10.0,autoets,abordar
2025-12-09 23:00:00,corredor,209,209,0.0,0.0,0.0,10.0,480.0,0.0,0.0,noche,Asientos,10.0,autoets,abordar
2025-12-09 23:00:00,corredor,301,301,0.0,0.0,0.0,10.0,480.0,0.0,0.0,noche,Asientos,10.0,autoets,abordar
2025-12-09 23:00:00,corredor,305,305,0.0,0.0,0.0,10.0,480.0,0.0,0.0,noche,Asientos,10.0,autoets,abordar
2025-12-09 23:00:00,corredor,370,370,0.0,0.0,0.0,10.0,480.0,0.0,0.0,noche,Asientos,10.0,autoets,abordar
2025-12-09 23:00:00,corredor,371,371,0.0,0.0,0.0,10.0,480.0,0.0,0.0,noche,Asientos,10.0,autoets,abordar
2025-12-09 23:00:00,corredor,404,404,31.523867677002045,26.795287525451737,36.25244782855235,10.0,480.0,0.0656747243270876,0.0656747243270876,noche,Asientos,10.0,autoets,abordar
2025-12-09 23:00:00,corredor,405,405,0.0,0.0,0.0,10.0,480.0,0.0,0.0,noche,Asientos,10.0,autoets,abordar
2025-12-09 23:00:00,corredor,406,406,0.0,0.0,0.0,10.0,480.0,0.0,0.0,noche,Asientos,10.0,autoets,abordar
2025-12-09 23:00:00,corredor,412,412,0.0,0.0,0.0,10.0,480.0,0.0,0.0,noche,Asientos,10.0,autoets,abordar
