sistema,modelo,WMAPE,MAE
metro_l1,chronos,0.1550078293555259,131.48392495253148
metro_l1,lightgbm,0.1610168057995141,137.97769385271727
metro_l1,autoets,0.1794897791561795,159.91487959454054
metro_l1,naive_7d,0.1929956985390209,165.10801282051284
metro_l1,hora_media,0.1981808465320957,175.56329319822447
troncal,chronos,0.3100150982809773,73.99845098168763
troncal,autoets,0.2854243727651269,85.94969131980065
troncal,lightgbm,0.3495919292692004,87.29646650490524
troncal,hora_media,0.3290799890615535,94.89988284869268
troncal,naive_7d,0.4120299065962352,103.12611111111111
corredor,autoets,0.2152237509921079,156.6148872302985
corredor,chronos,0.3111884449617385,173.91985909144086
corredor,lightgbm,0.3474795063874638,199.16232223712657
corredor,hora_media,0.3530406293476488,234.8802004172637
corredor,naive_7d,0.4095529367876326,239.80138888888888
alimentador,chronos,0.5069957534561634,37.90666521079298
alimentador,lightgbm,0.5292571146777564,40.147994772592064
alimentador,autoets,0.4828353330421784,40.30255896573827
alimentador,hora_media,0.623808299657473,46.19594963898277
alimentador,naive_7d,0.6583619734752834,49.49855072463768
