sistema,hora,promedio,total
alimentador,0,0.173,33730.0
alimentador,1,0.000,9.0
alimentador,2,0.000,2.0
alimentador,3,0.000,0.0
alimentador,4,0.046,8884.0
alimentador,5,3.553,691005.0
alimentador,6,9.378,1823696.0
alimentador,7,9.793,1904354.0
alimentador,8,6.885,1338875.0
alimentador,9,4.577,890123.0
alimentador,10,3.902,758724.0
alimentador,11,3.505,681640.0
alimentador,12,3.802,739421.0
alimentador,13,4.036,784917.0
alimentador,14,3.842,747144.0
alimentador,15,3.709,721333.0
alimentador,16,4.291,834495.0
alimentador,17,6.559,1275475.0
alimentador,18,8.648,1681762.0
alimentador,19,8.575,1667554.0
alimentador,20,7.301,1419813.0
alimentador,21,5.214,1013982.0
alimentador,22,2.873,558612.0
alimentador,23,1.540,299461.0
corredor,0,0.104,30858.0
corredor,1,0.006,1908.0
corredor,2,0.004,1118.0
corredor,3,0.001,286.0
corredor,4,0.660,195485.0
corredor,5,9.160,2714465.0
corredor,6,20.759,6151790.0
corredor,7,24.444,7243865.0
corredor,8,19.277,5712720.0
corredor,9,14.202,4208742.0
corredor,10,12.657,3750758.0
corredor,11,12.039,3567806.0
corredor,12,13.416,3975781.0
corredor,13,14.844,4398892.0
corredor,14,13.888,4115591.0
corredor,15,14.776,4378780.0
corredor,16,17.383,5151562.0
corredor,17,21.355,6328678.0
corredor,18,19.996,5925960.0
corredor,19,16.626,4927013.0
corredor,20,12.698,3763038.0
corredor,21,9.118,2702110.0
corredor,22,6.808,2017466.0
corredor,23,1.829,542063.0
metro_l1,5,501.056,4755018.0
metro_l1,6,1254.118,11901581.0
metro_l1,7,1624.911,15420405.0
metro_l1,8,1517.245,14398655.0
metro_l1,9,1229.502,11667970.0
metro_l1,10,1049.901,9963556.0
metro_l1,11,962.438,9133536.0
metro_l1,12,1002.230,9511160.0
metro_l1,13,1120.764,10636051.0
metro_l1,14,1102.929,10466796.0
metro_l1,15,1123.232,10659468.0
metro_l1,16,1249.287,11855737.0
metro_l1,17,1662.932,15781229.0
metro_l1,18,1809.735,17174385.0
metro_l1,19,1616.734,15342807.0
metro_l1,20,1286.380,12207744.0
metro_l1,21,876.557,8318522.0
metro_l1,22,244.285,2318267.0
troncal,0,3.522,57850.0
troncal,1,2.305,37859.0
troncal,2,2.014,33075.0
troncal,3,2.910,47791.0
troncal,4,19.849,326028.0
troncal,5,228.773,3757597.0
troncal,6,637.612,10472773.0
troncal,7,803.860,13203404.0
troncal,8,610.975,10035272.0
troncal,9,389.478,6397180.0
troncal,10,314.982,5173576.0
troncal,11,297.999,4894629.0
troncal,12,319.639,5250067.0
troncal,13,367.548,6036975.0
troncal,14,339.045,5568806.0
troncal,15,347.499,5707679.0
troncal,16,415.320,6821634.0
troncal,17,679.569,11161921.0
troncal,18,717.688,11788020.0
troncal,19,535.658,8798187.0
troncal,20,363.279,5966850.0
troncal,21,221.066,3631005.0
troncal,22,129.823,2132344.0
troncal,23,11.718,192475.0
