Fecha_Hora,serie_id,sistema,unidad,Validaciones_pron,Val_q10,Val_q90,Headway_base_min,Cap_hora,Ocupacion_proxy,aforo,ETA_pron,modelo_pron,recomendacion
2025-12-09 00:00:00,Alisos,alimentador,Alisos,0.0,0.0,0.0,6.0,800.0,0.0,Asientos,6.0,chronos,abordar
2025-12-09 01:00:00,Alisos,alimentador,Alisos,0.0,0.0,0.0,6.0,800.0,0.0,Asientos,6.0,chronos,abordar
2025-12-09 02:00:00,Alisos,alimentador,Alisos,0.0,0.0,1.3718719482421875,6.0,800.0,0.0,Asientos,6.0,chronos,abordar
2025-12-09 03:00:00,Alisos,alimentador,Alisos,0.0,0.0,0.0,6.0,800.0,0.0,Asientos,6.0,chronos,abordar
2025-12-09 04:00:00,Alisos,alimentador,Alisos,0.0,0.0,18.489585876464844,6.0,800.0,0.0,Asientos,6.0,chronos,abordar
2025-12-09 05:00:00,Alisos,alimentador,Alisos,55.11361312866211,7.499732971191406,120.00543212890625,6.0,800.0,0.06889201641082764,Asientos,6.0,chronos,abordar
2025-12-09 06:00:00,Alisos,alimentador,Alisos,252.17703247070312,123.10790252685547,372.7747497558594,6.0,800.0,0.3152212905883789,De_pie,6.6000000000000005,chronos,abordar
2025-12-09 07:00:00,Alisos,alimentador,Alisos,310.6169738769531,146.83489990234375,455.63201904296875,6.0,800.0,0.3882712173461914,Saturado,7.800000000000001,chronos,esperar_siguiente
2025-12-09 08:00:00,Alisos,alimentador,Alisos,173.27581787109375,53.26627731323242,297.7208557128906,6.0,800.0,0.21659477233886718,De_pie,6.6000000000000005,chronos,abordar
2025-12-09 09:00:00,Alisos,alimentador,Alisos,86.26593780517578,4.3056182861328125,185.04885864257812,6.0,800.0,0.10783242225646973,Asientos,6.0,chronos,abordar
2025-12-09 10:00:00,Alisos,alimentador,Alisos,57.061737060546875,0.0,142.63119506835938,6.0,800.0,0.0713271713256836,Asientos,6.0,chronos,abordar
2025-12-09 11:00:00,Alisos,alimentador,Alisos,52.39064407348633,0.0,136.8622283935547,6.0,800.0,0.0654883050918579,Asientos,6.0,chronos,abordar
2025-12-09 12:00:00,Alisos,alimentador,Alisos,54.123130798339844,0.0,139.66697692871094,6.0,800.0,0.06765391349792481,Asientos,6.0,chronos,abordar
2025-12-09 13:00:00,Alisos,alimentador,Alisos,57.995052337646484,0.0,146.54986572265625,6.0,800.0,0.0724938154220581,Asientos,6.0,chronos,abordar
2025-12-09 14:00:00,Alisos,alimentador,Alisos,54.59739303588867,0.0,143.32501220703125,6.0,800.0,0.06824674129486084,Asientos,6.0,chronos,abordar
2025-12-09 15:00:00,Alisos,alimentador,Alisos,45.080650329589844,0.0,133.6329345703125,6.0,800.0,0.056350812911987305,Asientos,6.0,chronos,abordar
2025-12-09 16:00:00,Alisos,alimentador,Alisos,52.26028060913086,0.0,156.2631378173828,6.0,800.0,0.06532535076141358,Asientos,6.0,chronos,abordar
2025-12-09 17:00:00,Alisos,alimentador,Alisos,139.36590576171875,34.702552795410156,274.1863708496094,6.0,800.0,0.17420738220214843,De_pie,6.6000000000000005,chronos,abordar
2025-12-09 18:00:00,Alisos,alimentador,Alisos,204.96665954589844,66.18997955322266,363.2130432128906,6.0,800.0,0.25620832443237307,De_pie,6.6000000000000005,chronos,abordar
2025-12-09 19:00:00,Alisos,alimentador,Alisos,221.82998657226562,66.20868682861328,394.96929931640625,6.0,800.0,0.27728748321533203,De_pie,6.6000000000000005,chronos,abordar
2025-12-09 20:00:00,Alisos,alimentador,Alisos,202.06497192382812,52.553802490234375,373.89007568359375,6.0,800.0,0.25258121490478513,De_pie,6.6000000000000005,chronos,abordar
2025-12-09 21:00:00,Alisos,alimentador,Alisos,144.96597290039062,28.39214324951172,293.13006591796875,6.0,800.0,0.18120746612548827,De_pie,6.6000000000000005,chronos,abordar
2025-12-09 22:00:00,Alisos,alimentador,Alisos,74.93632507324219,4.9901580810546875,183.55209350585938,6.0,800.0,0.09367040634155273,Asientos,6.0,chronos,abordar
2025-12-09 23:00:00,Alisos,alimentador,Alisos,27.64147186279297,0.0,94.51301574707031,6.0,800.0,0.034551839828491214,Asientos,6.0,chronos,abordar
2025-12-09 00:00:00,Antúnez de Mayolo,alimentador,Antúnez de Mayolo,0.0,0.0,12.581596374511719,6.0,800.0,0.0,Asientos,6.0,chronos,abordar
2025-12-09 01:00:00,Antúnez de Mayolo,alimentador,Antúnez de Mayolo,0.0,0.0,2.8622360229492188,6.0,800.0,0.0,Asientos,6.0,chronos,abordar
2025-12-09 02:00:00,Antúnez de Mayolo,alimentador,Antúnez de Mayolo,0.0,0.0,5.6785125732421875,6.0,800.0,0.0,Asientos,6.0,chronos,abordar
2025-12-09 03:00:00,Antúnez de Mayolo,alimentador,Antúnez de Mayolo,0.0,0.0,2.3894577026367188,6.0,800.0,0.0,Asientos,6.0,chronos,abordar
2025-12-09 04:00:00,Antúnez de Mayolo,alimentador,Antúnez de Mayolo,0.5017471313476562,0.0,20.022903442382812,6.0,800.0,0.0006271839141845703,Asientos,6.0,chronos,abordar
2025-12-09 05:00:00,Antúnez de Mayolo,alimentador,Antúnez de Mayolo,36.49491882324219,0.0,89.01597595214844,6.0,800.0,0.04561864852905274,Asientos,6.0,chronos,abordar
2025-12-09 06:00:00,Antúnez de Mayolo,alimentador,Antúnez de Mayolo,230.5784912109375,121.02365112304688,332.3746643066406,6.0,800.0,0.2882231140136719,De_pie,6.6000000000000005,chronos,abordar
2025-12-09 07:00:00,Antúnez de Mayolo,alimentador,Antúnez de Mayolo,291.4789733886719,151.49041748046875,414.8274841308594,6.0,800.0,0.36434871673583985,De_pie,6.6000000000000005,chronos,abordar
2025-12-09 08:00:00,Antúnez de Mayolo,alimentador,Antúnez de Mayolo,178.934814453125,73.44770812988281,287.50390625,6.0,800.0,0.22366851806640625,De_pie,6.6000000000000005,chronos,abordar
2025-12-09 09:00:00,Antúnez de Mayolo,alimentador,Antúnez de Mayolo,111.42739868164062,32.67420196533203,200.54736328125,6.0,800.0,0.13928424835205078,De_pie,6.6000000000000005,chronos,abordar
2025-12-09 10:00:00,Antúnez de Mayolo,alimentador,Antúnez de Mayolo,88.55944061279297,21.195938110351562,169.33078002929688,6.0,800.0,0.11069930076599122,Asientos,6.0,chronos,abordar
2025-12-09 11:00:00,Antúnez de Mayolo,alimentador,Antúnez de Mayolo,81.46170043945312,16.871841430664062,160.621826171875,6.0,800.0,0.1018271255493164,Asientos,6.0,chronos,abordar
2025-12-09 12:00:00,Antúnez de Mayolo,alimentador,Antúnez de Mayolo,75.34513854980469,11.048469543457031,153.60879516601562,6.0,800.0,0.09418142318725586,Asientos,6.0,chronos,abordar
2025-12-09 13:00:00,Antúnez de Mayolo,alimentador,Antúnez de Mayolo,81.60731506347656,12.177864074707031,164.53964233398438,6.0,800.0,0.1020091438293457,Asientos,6.0,chronos,abordar
2025-12-09 14:00:00,Antúnez de Mayolo,alimentador,Antúnez de Mayolo,96.81458282470703,23.089141845703125,187.50582885742188,6.0,800.0,0.12101822853088379,Asientos,6.0,chronos,abordar
2025-12-09 15:00:00,Antúnez de Mayolo,alimentador,Antúnez de Mayolo,109.19827270507812,32.275779724121094,204.99400329589844,6.0,800.0,0.13649784088134764,De_pie,6.6000000000000005,chronos,abordar
2025-12-09 16:00:00,Antúnez de Mayolo,alimentador,Antúnez de Mayolo,130.07151794433594,42.284217834472656,237.76348876953125,6.0,800.0,0.16258939743041992,De_pie,6.6000000000000005,chronos,abordar
2025-12-09 17:00:00,Antúnez de Mayolo,alimentador,Antúnez de Mayolo,184.7890167236328,70.52061462402344,311.374755859375,6.0,800.0,0.23098627090454102,De_pie,6.6000000000000005,chronos,abordar
2025-12-09 18:00:00,Antúnez de Mayolo,alimentador,Antúnez de Mayolo,246.21652221679688,107.0865478515625,387.17303466796875,6.0,800.0,0.3077706527709961,De_pie,6.6000000000000005,chronos,abordar
2025-12-09 19:00:00,Antúnez de Mayolo,alimentador,Antúnez de Mayolo,256.0648193359375,108.20817565917969,405.4562072753906,6.0,800.0,0.3200810241699219,De_pie,6.6000000000000005,chronos,abordar
2025-12-09 20:00:00,Antúnez de Mayolo,alimentador,Antúnez de Mayolo,235.82196044921875,96.36102294921875,383.21038818359375,6.0,800.0,0.29477745056152344,De_pie,6.6000000000000005,chronos,abordar
2025-12-09 21:00:00,Antúnez de Mayolo,alimentador,Antúnez de Mayolo,181.5694580078125,69.08340454101562,309.1117858886719,6.0,800.0,0.22696182250976563,De_pie,6.6000000000000005,chronos,abordar
2025-12-09 22:00:00,Antúnez de Mayolo,alimentador,Antúnez de Mayolo,83.63764953613281,18.574302673339844,175.9198455810547,6.0,800.0,0.10454706192016601,Asientos,6.0,chronos,abordar
2025-12-09 23:00:00,Antúnez de Mayolo,alimentador,Antúnez de Mayolo,32.20429229736328,0.0,86.80915832519531,6.0,800.0,0.0402553653717041,Asientos,6.0,chronos,abordar
2025-12-09 00:00:00,Belaunde,alimentador,Belaunde,0.0,0.0,0.0,6.0,800.0,0.0,Asientos,6.0,chronos,abordar
2025-12-09 01:00:00,Belaunde,alimentador,Belaunde,0.0,0.0,0.0,6.0,800.0,0.0,Asientos,6.0,chronos,abordar
2025-12-09 02:00:00,Belaunde,alimentador,Belaunde,0.0,0.0,2.0169830322265625,6.0,800.0,0.0,Asientos,6.0,chronos,abordar
2025-12-09 03:00:00,Belaunde,alimentador,Belaunde,0.0,0.0,3.3672256469726562,6.0,800.0,0.0,Asientos,6.0,chronos,abordar
2025-12-09 04:00:00,Belaunde,alimentador,Belaunde,0.0,0.0,28.16952133178711,6.0,800.0,0.0,Asientos,6.0,chronos,abordar
2025-12-09 05:00:00,Belaunde,alimentador,Belaunde,56.20636749267578,7.608924865722656,115.30500030517578,6.0,800.0,0.07025795936584472,Asientos,6.0,chronos,abordar
2025-12-09 06:00:00,Belaunde,alimentador,Belaunde,197.04306030273438,88.03160858154297,298.2706604003906,6.0,800.0,0.24630382537841797,De_pie,6.6000000000000005,chronos,abordar
2025-12-09 07:00:00,Belaunde,alimentador,Belaunde,187.66665649414062,76.68421936035156,290.85638427734375,6.0,800.0,0.23458332061767578,De_pie,6.6000000000000005,chronos,abordar
2025-12-09 08:00:00,Belaunde,alimentador,Belaunde,122.19284057617188,31.63205337524414,214.75839233398438,6.0,800.0,0.15274105072021485,De_pie,6.6000000000000005,chronos,abordar
2025-12-09 09:00:00,Belaunde,alimentador,Belaunde,85.5259780883789,13.615303039550781,164.7945556640625,6.0,800.0,0.10690747261047363,Asientos,6.0,chronos,abordar
2025-12-09 10:00:00,Belaunde,alimentador,Belaunde,54.92118453979492,0.0,125.25393676757812,6.0,800.0,0.06865148067474365,Asientos,6.0,chronos,abordar
2025-12-09 11:00:00,Belaunde,alimentador,Belaunde,50.39280700683594,0.0,118.26123809814453,6.0,800.0,0.06299100875854492,Asientos,6.0,chronos,abordar
2025-12-09 12:00:00,Belaunde,alimentador,Belaunde,51.99657440185547,0.0,118.67234802246094,6.0,800.0,0.06499571800231933,Asientos,6.0,chronos,abordar
2025-12-09 13:00:00,Belaunde,alimentador,Belaunde,55.146305084228516,0.312652587890625,123.11570739746094,6.0,800.0,0.06893288135528565,Asientos,6.0,chronos,abordar
2025-12-09 14:00:00,Belaunde,alimentador,Belaunde,51.879615783691406,0.0,120.09394836425781,6.0,800.0,0.06484951972961425,Asientos,6.0,chronos,abordar
2025-12-09 15:00:00,Belaunde,alimentador,Belaunde,52.70520782470703,0.7702865600585938,123.82620239257812,6.0,800.0,0.06588150978088379,Asientos,6.0,chronos,abordar
2025-12-09 16:00:00,Belaunde,alimentador,Belaunde,63.12214660644531,4.813728332519531,141.85812377929688,6.0,800.0,0.07890268325805665,Asientos,6.0,chronos,abordar
2025-12-09 17:00:00,Belaunde,alimentador,Belaunde,91.48360443115234,20.659137725830078,184.61224365234375,6.0,800.0,0.11435450553894043,Asientos,6.0,chronos,abordar
2025-12-09 18:00:00,Belaunde,alimentador,Belaunde,126.19696044921875,38.98602294921875,232.33370971679688,6.0,800.0,0.15774620056152344,De_pie,6.6000000000000005,chronos,abordar
2025-12-09 19:00:00,Belaunde,alimentador,Belaunde,152.32716369628906,50.216651916503906,273.0620422363281,6.0,800.0,0.19040895462036134,De_pie,6.6000000000000005,chronos,abordar
2025-12-09 20:00:00,Belaunde,alimentador,Belaunde,149.09121704101562,44.017906188964844,272.5292053222656,6.0,800.0,0.18636402130126953,De_pie,6.6000000000000005,chronos,abordar
2025-12-09 21:00:00,Belaunde,alimentador,Belaunde,93.98198699951172,13.62200927734375,200.50048828125,6.0,800.0,0.11747748374938966,Asientos,6.0,chronos,abordar
2025-12-09 22:00:00,Belaunde,alimentador,Belaunde,32.69635009765625,0.0,110.06056213378906,6.0,800.0,0.040870437622070314,Asientos,6.0,chronos,abordar
2025-12-09 23:00:00,Belaunde,alimentador,Belaunde,13.837226867675781,0.0,66.59913635253906,6.0,800.0,0.017296533584594726,Asientos,6.0,chronos,abordar
2025-12-09 00:00:00,Bertello,alimentador,Bertello,3.1130905151367188,0.0,19.472702026367188,6.0,800.0,0.0038913631439208983,Asientos,6.0,chronos,abordar
2025-12-09 01:00:00,Bertello,alimentador,Bertello,0.0,0.0,12.630958557128906,6.0,800.0,0.0,Asientos,6.0,chronos,abordar
2025-12-09 02:00:00,Bertello,alimentador,Bertello,0.0,0.0,10.376838684082031,6.0,800.0,0.0,Asientos,6.0,chronos,abordar
2025-12-09 03:00:00,Bertello,alimentador,Bertello,0.0,0.0,9.714790344238281,6.0,800.0,0.0,Asientos,6.0,chronos,abordar
2025-12-09 04:00:00,Bertello,alimentador,Bertello,4.9641265869140625,0.0,30.71515655517578,6.0,800.0,0.006205158233642578,Asientos,6.0,chronos,abordar
2025-12-09 05:00:00,Bertello,alimentador,Bertello,40.1241340637207,0.0,96.01960754394531,6.0,800.0,0.050155167579650876,Asientos,6.0,chronos,abordar
2025-12-09 06:00:00,Bertello,alimentador,Bertello,225.40911865234375,121.44691467285156,320.29986572265625,6.0,800.0,0.2817613983154297,De_pie,6.6000000000000005,chronos,abordar
2025-12-09 07:00:00,Bertello,alimentador,Bertello,225.3974609375,116.35002899169922,331.05731201171875,6.0,800.0,0.281746826171875,De_pie,6.6000000000000005,chronos,abordar
2025-12-09 08:00:00,Bertello,alimentador,Bertello,171.50299072265625,76.61873626708984,268.9747314453125,6.0,800.0,0.2143787384033203,De_pie,6.6000000000000005,chronos,abordar
2025-12-09 09:00:00,Bertello,alimentador,Bertello,98.42123413085938,26.069419860839844,182.05230712890625,6.0,800.0,0.12302654266357421,Asientos,6.0,chronos,abordar
2025-12-09 10:00:00,Bertello,alimentador,Bertello,60.482749938964844,5.200775146484375,132.2335662841797,6.0,800.0,0.07560343742370605,Asientos,6.0,chronos,abordar
2025-12-09 11:00:00,Bertello,alimentador,Bertello,53.839900970458984,0.0,124.45121002197266,6.0,800.0,0.06729987621307373,Asientos,6.0,chronos,abordar
2025-12-09 12:00:00,Bertello,alimentador,Bertello,64.68606567382812,5.612419128417969,137.25112915039062,6.0,800.0,0.08085758209228516,Asientos,6.0,chronos,abordar
2025-12-09 13:00:00,Bertello,alimentador,Bertello,76.51795196533203,10.910163879394531,153.1381072998047,6.0,800.0,0.09564743995666504,Asientos,6.0,chronos,abordar
2025-12-09 14:00:00,Bertello,alimentador,Bertello,69.10682678222656,7.694450378417969,144.13002014160156,6.0,800.0,0.0863835334777832,Asientos,6.0,chronos,abordar
2025-12-09 15:00:00,Bertello,alimentador,Bertello,64.01727294921875,7.26910400390625,138.96127319335938,6.0,800.0,0.08002159118652344,Asientos,6.0,chronos,abordar
2025-12-09 16:00:00,Bertello,alimentador,Bertello,81.5343017578125,17.739219665527344,164.91891479492188,6.0,800.0,0.10191787719726562,Asientos,6.0,chronos,abordar
2025-12-09 17:00:00,Bertello,alimentador,Bertello,135.31637573242188,45.820343017578125,236.0498809814453,6.0,800.0,0.16914546966552735,De_pie,6.6000000000000005,chronos,abordar
2025-12-09 18:00:00,Bertello,alimentador,Bertello,244.01596069335938,123.02450561523438,358.7989196777344,6.0,800.0,0.3050199508666992,De_pie,6.6000000000000005,chronos,abordar
2025-12-09 19:00:00,Bertello,alimentador,Bertello,237.28631591796875,117.49324035644531,354.58697509765625,6.0,800.0,0.2966078948974609,De_pie,6.6000000000000005,chronos,abordar
2025-12-09 20:00:00,Bertello,alimentador,Bertello,205.67498779296875,95.26603698730469,317.1886901855469,6.0,800.0,0.25709373474121094,De_pie,6.6000000000000005,chronos,abordar
2025-12-09 21:00:00,Bertello,alimentador,Bertello,151.48294067382812,60.68765640258789,249.658447265625,6.0,800.0,0.18935367584228516,De_pie,6.6000000000000005,chronos,abordar
2025-12-09 22:00:00,Bertello,alimentador,Bertello,74.95137023925781,19.571975708007812,151.46536254882812,6.0,800.0,0.09368921279907226,Asientos,6.0,chronos,abordar
2025-12-09 23:00:00,Bertello,alimentador,Bertello,31.99852752685547,0.13506317138671875,82.93556213378906,6.0,800.0,0.039998159408569336,Asientos,6.0,chronos,abordar
2025-12-09 00:00:00,Carabayllo,alimentador,Carabayllo,0.0,0.0,7.610353469848633,6.0,800.0,0.0,Asientos,6.0,chronos,abordar
2025-12-09 01:00:00,Carabayllo,alimentador,Carabayllo,0.0,0.0,3.8632583618164062,6.0,800.0,0.0,Asientos,6.0,chronos,abordar
2025-12-09 02:00:00,Carabayllo,alimentador,Carabayllo,0.0,0.0,5.947603225708008,6.0,800.0,0.0,Asientos,6.0,chronos,abordar
2025-12-09 03:00:00,Carabayllo,alimentador,Carabayllo,0.0,0.0,3.650522232055664,6.0,800.0,0.0,Asientos,6.0,chronos,abordar
2025-12-09 04:00:00,Carabayllo,alimentador,Carabayllo,0.0,0.0,12.323863983154297,6.0,800.0,0.0,Asientos,6.0,chronos,abordar
2025-12-09 05:00:00,Carabayllo,alimentador,Carabayllo,26.186046600341797,6.373273849487305,52.465248107910156,6.0,800.0,0.03273255825042724,Asientos,6.0,chronos,abordar
2025-12-09 06:00:00,Carabayllo,alimentador,Carabayllo,76.36576843261719,36.73648452758789,117.8448257446289,6.0,800.0,0.09545721054077148,Asientos,6.0,chronos,abordar
2025-12-09 07:00:00,Carabayllo,alimentador,Carabayllo,61.07859420776367,27.069355010986328,100.91939544677734,6.0,800.0,0.07634824275970459,Asientos,6.0,chronos,abordar
2025-12-09 08:00:00,Carabayllo,alimentador,Carabayllo,44.41084289550781,17.345922470092773,79.14144897460938,6.0,800.0,0.055513553619384766,Asientos,6.0,chronos,abordar
2025-12-09 09:00:00,Carabayllo,alimentador,Carabayllo,28.56999397277832,7.993288040161133,57.03655242919922,6.0,800.0,0.0357124924659729,Asientos,6.0,chronos,abordar
2025-12-09 10:00:00,Carabayllo,alimentador,Carabayllo,18.092714309692383,2.044147491455078,42.062984466552734,6.0,800.0,0.022615892887115477,Asientos,6.0,chronos,abordar
2025-12-09 11:00:00,Carabayllo,alimentador,Carabayllo,15.785543441772461,0.6061859130859375,37.30144500732422,6.0,800.0,0.019731929302215578,Asientos,6.0,chronos,abordar
2025-12-09 12:00:00,Carabayllo,alimentador,Carabayllo,20.649913787841797,3.4787559509277344,42.91082763671875,6.0,800.0,0.025812392234802247,Asientos,6.0,chronos,abordar
2025-12-09 13:00:00,Carabayllo,alimentador,Carabayllo,29.530197143554688,8.98454475402832,54.65595245361328,6.0,800.0,0.03691274642944336,Asientos,6.0,chronos,abordar
2025-12-09 14:00:00,Carabayllo,alimentador,Carabayllo,35.280338287353516,12.045007705688477,63.62992858886719,6.0,800.0,0.04410042285919189,Asientos,6.0,chronos,abordar
2025-12-09 15:00:00,Carabayllo,alimentador,Carabayllo,41.60685729980469,14.704978942871094,75.06013488769531,6.0,800.0,0.05200857162475586,Asientos,6.0,chronos,abordar
2025-12-09 16:00:00,Carabayllo,alimentador,Carabayllo,52.31248474121094,17.506710052490234,95.2454833984375,6.0,800.0,0.06539060592651368,Asientos,6.0,chronos,abordar
2025-12-09 17:00:00,Carabayllo,alimentador,Carabayllo,78.37823486328125,27.131746292114258,136.57388305664062,6.0,800.0,0.09797279357910156,Asientos,6.0,chronos,abordar
2025-12-09 18:00:00,Carabayllo,alimentador,Carabayllo,128.2654571533203,51.32400131225586,203.64688110351562,6.0,800.0,0.1603318214416504,De_pie,6.6000000000000005,chronos,abordar
2025-12-09 19:00:00,Carabayllo,alimentador,Carabayllo,155.0380859375,63.619895935058594,241.57537841796875,6.0,800.0,0.193797607421875,De_pie,6.6000000000000005,chronos,abordar
2025-12-09 20:00:00,Carabayllo,alimentador,Carabayllo,138.2467041015625,53.014076232910156,223.07406616210938,6.0,800.0,0.17280838012695313,De_pie,6.6000000000000005,chronos,abordar
2025-12-09 21:00:00,Carabayllo,alimentador,Carabayllo,71.74229431152344,15.171356201171875,140.93307495117188,6.0,800.0,0.0896778678894043,Asientos,6.0,chronos,abordar
2025-12-09 22:00:00,Carabayllo,alimentador,Carabayllo,37.35213851928711,6.2313232421875,84.51997375488281,6.0,800.0,0.046690173149108886,Asientos,6.0,chronos,abordar
2025-12-09 23:00:00,Carabayllo,alimentador,Carabayllo,14.644432067871094,0.0,43.06892776489258,6.0,800.0,0.018305540084838867,Asientos,6.0,chronos,abordar
2025-12-09 00:00:00,Cedros de Villa,alimentador,Cedros de Villa,0.0,0.0,4.5632171630859375,6.0,800.0,0.0,Asientos,6.0,chronos,abordar
2025-12-09 01:00:00,Cedros de Villa,alimentador,Cedros de Villa,0.0,0.0,3.9181060791015625,6.0,800.0,0.0,Asientos,6.0,chronos,abordar
2025-12-09 02:00:00,Cedros de Villa,alimentador,Cedros de Villa,0.0,0.0,3.579986572265625,6.0,800.0,0.0,Asientos,6.0,chronos,abordar
2025-12-09 03:00:00,Cedros de Villa,alimentador,Cedros de Villa,0.0,0.0,8.225997924804688,6.0,800.0,0.0,Asientos,6.0,chronos,abordar
2025-12-09 04:00:00,Cedros de Villa,alimentador,Cedros de Villa,0.0,0.0,18.3873291015625,6.0,800.0,0.0,Asientos,6.0,chronos,abordar
2025-12-09 05:00:00,Cedros de Villa,alimentador,Cedros de Villa,75.94625091552734,31.204994201660156,114.62925720214844,6.0,800.0,0.09493281364440918,Asientos,6.0,chronos,abordar
2025-12-09 06:00:00,Cedros de Villa,alimentador,Cedros de Villa,291.31683349609375,194.43077087402344,352.49554443359375,6.0,800.0,0.3641460418701172,De_pie,6.6000000000000005,chronos,abordar
2025-12-09 07:00:00,Cedros de Villa,alimentador,Cedros de Villa,318.92919921875,222.0865936279297,377.44512939453125,6.0,800.0,0.3986614990234375,Saturado,7.800000000000001,chronos,esperar_siguiente
2025-12-09 08:00:00,Cedros de Villa,alimentador,Cedros de Villa,243.82272338867188,162.33750915527344,296.00592041015625,6.0,800.0,0.30477840423583985,De_pie,6.6000000000000005,chronos,abordar
2025-12-09 09:00:00,Cedros de Villa,alimentador,Cedros de Villa,198.34344482421875,127.47694396972656,248.59130859375,6.0,800.0,0.24792930603027344,De_pie,6.6000000000000005,chronos,abordar
2025-12-09 10:00:00,Cedros de Villa,alimentador,Cedros de Villa,170.2689208984375,109.65660858154297,222.74368286132812,6.0,800.0,0.21283615112304688,De_pie,6.6000000000000005,chronos,abordar
2025-12-09 11:00:00,Cedros de Villa,alimentador,Cedros de Villa,155.62017822265625,101.03362274169922,211.654541015625,6.0,800.0,0.19452522277832032,De_pie,6.6000000000000005,chronos,abordar
2025-12-09 12:00:00,Cedros de Villa,alimentador,Cedros de Villa,143.79623413085938,92.42243957519531,200.3995361328125,6.0,800.0,0.17974529266357422,De_pie,6.6000000000000005,chronos,abordar
2025-12-09 13:00:00,Cedros de Villa,alimentador,Cedros de Villa,133.4523468017578,84.5897216796875,190.7259979248047,6.0,800.0,0.16681543350219727,De_pie,6.6000000000000005,chronos,abordar
2025-12-09 14:00:00,Cedros de Villa,alimentador,Cedros de Villa,128.38507080078125,82.50125122070312,182.19247436523438,6.0,800.0,0.16048133850097657,De_pie,6.6000000000000005,chronos,abordar
2025-12-09 15:00:00,Cedros de Villa,alimentador,Cedros de Villa,148.02993774414062,97.86029052734375,205.7415008544922,6.0,800.0,0.18503742218017577,De_pie,6.6000000000000005,chronos,abordar
2025-12-09 16:00:00,Cedros de Villa,alimentador,Cedros de Villa,166.94863891601562,111.36759948730469,223.43588256835938,6.0,800.0,0.20868579864501954,De_pie,6.6000000000000005,chronos,abordar
2025-12-09 17:00:00,Cedros de Villa,alimentador,Cedros de Villa,205.06448364257812,143.8732452392578,264.08294677734375,6.0,800.0,0.25633060455322265,De_pie,6.6000000000000005,chronos,abordar
2025-12-09 18:00:00,Cedros de Villa,alimentador,Cedros de Villa,192.03421020507812,138.4146728515625,248.38552856445312,6.0,800.0,0.24004276275634764,De_pie,6.6000000000000005,chronos,abordar
2025-12-09 19:00:00,Cedros de Villa,alimentador,Cedros de Villa,149.15342712402344,105.40933990478516,198.93991088867188,6.0,800.0,0.1864417839050293,De_pie,6.6000000000000005,chronos,abordar
2025-12-09 20:00:00,Cedros de Villa,alimentador,Cedros de Villa,97.2548599243164,63.087467193603516,140.2728729248047,6.0,800.0,0.12156857490539551,Asientos,6.0,chronos,abordar
2025-12-09 21:00:00,Cedros de Villa,alimentador,Cedros de Villa,63.43777847290039,34.699562072753906,101.99330139160156,6.0,800.0,0.07929722309112548,Asientos,6.0,chronos,abordar
2025-12-09 22:00:00,Cedros de Villa,alimentador,Cedros de Villa,36.33934020996094,14.050163269042969,67.06193542480469,6.0,800.0,0.04542417526245117,Asientos,6.0,chronos,abordar
2025-12-09 23:00:00,Cedros de Villa,alimentador,Cedros de Villa,10.781158447265625,0.0,31.90069580078125,6.0,800.0,0.013476448059082031,Asientos,6.0,chronos,abordar
2025-12-09 00:00:00,Collique,alimentador,Collique,0.0,0.0,6.994731903076172,6.0,800.0,0.0,Asientos,6.0,chronos,abordar
2025-12-09 01:00:00,Collique,alimentador,Collique,0.0,0.0,1.90838623046875,6.0,800.0,0.0,Asientos,6.0,chronos,abordar
2025-12-09 02:00:00,Collique,alimentador,Collique,0.0,0.0,2.0922164916992188,6.0,800.0,0.0,Asientos,6.0,chronos,abordar
2025-12-09 03:00:00,Collique,alimentador,Collique,0.0,0.0,0.8717689514160156,6.0,800.0,0.0,Asientos,6.0,chronos,abordar
2025-12-09 04:00:00,Collique,alimentador,Collique,0.0,0.0,10.927093505859375,6.0,800.0,0.0,Asientos,6.0,chronos,abordar
2025-12-09 05:00:00,Collique,alimentador,Collique,46.213932037353516,18.280073165893555,76.06866455078125,6.0,800.0,0.057767415046691896,Asientos,6.0,chronos,abordar
2025-12-09 06:00:00,Collique,alimentador,Collique,121.38444519042969,65.46424102783203,169.3649139404297,6.0,800.0,0.1517305564880371,De_pie,6.6000000000000005,chronos,abordar
2025-12-09 07:00:00,Collique,alimentador,Collique,108.04889678955078,55.998111724853516,154.07269287109375,6.0,800.0,0.13506112098693848,De_pie,6.6000000000000005,chronos,abordar
2025-12-09 08:00:00,Collique,alimentador,Collique,67.960693359375,26.83060073852539,108.77163696289062,6.0,800.0,0.08495086669921875,Asientos,6.0,chronos,abordar
2025-12-09 09:00:00,Collique,alimentador,Collique,43.531333923339844,13.60263442993164,77.22261810302734,6.0,800.0,0.054414167404174804,Asientos,6.0,chronos,abordar
2025-12-09 10:00:00,Collique,alimentador,Collique,31.647104263305664,8.584808349609375,61.17152404785156,6.0,800.0,0.03955888032913208,Asientos,6.0,chronos,abordar
2025-12-09 11:00:00,Collique,alimentador,Collique,34.9793815612793,12.356178283691406,65.380615234375,6.0,800.0,0.043724226951599124,Asientos,6.0,chronos,abordar
2025-12-09 12:00:00,Collique,alimentador,Collique,41.87860107421875,15.191535949707031,74.91583251953125,6.0,800.0,0.05234825134277344,Asientos,6.0,chronos,abordar
2025-12-09 13:00:00,Collique,alimentador,Collique,52.433929443359375,20.83281135559082,89.29973602294922,6.0,800.0,0.06554241180419922,Asientos,6.0,chronos,abordar
2025-12-09 14:00:00,Collique,alimentador,Collique,58.05889892578125,25.298439025878906,96.52046966552734,6.0,800.0,0.07257362365722657,Asientos,6.0,chronos,abordar
2025-12-09 15:00:00,Collique,alimentador,Collique,62.426998138427734,29.10295867919922,101.75883483886719,6.0,800.0,0.07803374767303467,Asientos,6.0,chronos,abordar
2025-12-09 16:00:00,Collique,alimentador,Collique,61.18690490722656,25.551633834838867,100.55066680908203,6.0,800.0,0.0764836311340332,Asientos,6.0,chronos,abordar
2025-12-09 17:00:00,Collique,alimentador,Collique,73.85796356201172,33.40932083129883,116.95808410644531,6.0,800.0,0.09232245445251465,Asientos,6.0,chronos,abordar
2025-12-09 18:00:00,Collique,alimentador,Collique,95.52406311035156,44.123573303222656,143.58685302734375,6.0,800.0,0.11940507888793946,Asientos,6.0,chronos,abordar
2025-12-09 19:00:00,Collique,alimentador,Collique,111.4259033203125,51.26534652709961,166.9696502685547,6.0,800.0,0.13928237915039063,De_pie,6.6000000000000005,chronos,abordar
2025-12-09 20:00:00,Collique,alimentador,Collique,108.14493560791016,46.09354782104492,165.51089477539062,6.0,800.0,0.1351811695098877,De_pie,6.6000000000000005,chronos,abordar
2025-12-09 21:00:00,Collique,alimentador,Collique,78.15766906738281,28.190237045288086,129.41561889648438,6.0,800.0,0.09769708633422852,Asientos,6.0,chronos,abordar
2025-12-09 22:00:00,Collique,alimentador,Collique,47.449951171875,14.279048919677734,87.26919555664062,6.0,800.0,0.05931243896484375,Asientos,6.0,chronos,abordar
2025-12-09 23:00:00,Collique,alimentador,Collique,24.188108444213867,4.298835754394531,52.021976470947266,6.0,800.0,0.030235135555267335,Asientos,6.0,chronos,abordar
2025-12-09 00:00:00,Ensenada,alimentador,Ensenada,0.0,0.0,16.26275634765625,6.0,800.0,0.0,Asientos,6.0,chronos,abordar
2025-12-09 01:00:00,Ensenada,alimentador,Ensenada,0.0,0.0,1.041259765625,6.0,800.0,0.0,Asientos,6.0,chronos,abordar
2025-12-09 02:00:00,Ensenada,alimentador,Ensenada,0.0,0.0,6.20953369140625,6.0,800.0,0.0,Asientos,6.0,chronos,abordar
2025-12-09 03:00:00,Ensenada,alimentador,Ensenada,0.0,0.0,0.583831787109375,6.0,800.0,0.0,Asientos,6.0,chronos,abordar
2025-12-09 04:00:00,Ensenada,alimentador,Ensenada,0.0,0.0,20.992599487304688,6.0,800.0,0.0,Asientos,6.0,chronos,abordar
2025-12-09 05:00:00,Ensenada,alimentador,Ensenada,82.19170379638672,23.273223876953125,146.6165008544922,6.0,800.0,0.1027396297454834,Asientos,6.0,chronos,abordar
2025-12-09 06:00:00,Ensenada,alimentador,Ensenada,320.3524475097656,195.95855712890625,420.84051513671875,6.0,800.0,0.400440559387207,Saturado,7.800000000000001,chronos,cambiar_paradero
2025-12-09 07:00:00,Ensenada,alimentador,Ensenada,328.3480224609375,208.6398162841797,427.83990478515625,6.0,800.0,0.4104350280761719,Saturado,7.800000000000001,chronos,esperar_siguiente
2025-12-09 08:00:00,Ensenada,alimentador,Ensenada,242.60821533203125,144.37965393066406,333.47381591796875,6.0,800.0,0.30326026916503906,De_pie,6.6000000000000005,chronos,abordar
2025-12-09 09:00:00,Ensenada,alimentador,Ensenada,178.7620849609375,98.26123046875,259.2885437011719,6.0,800.0,0.22345260620117188,De_pie,6.6000000000000005,chronos,abordar
2025-12-09 10:00:00,Ensenada,alimentador,Ensenada,144.76715087890625,75.46876525878906,222.88082885742188,6.0,800.0,0.18095893859863282,De_pie,6.6000000000000005,chronos,abordar
2025-12-09 11:00:00,Ensenada,alimentador,Ensenada,137.0867156982422,69.10444641113281,217.26773071289062,6.0,800.0,0.17135839462280272,De_pie,6.6000000000000005,chronos,abordar
2025-12-09 12:00:00,Ensenada,alimentador,Ensenada,145.53900146484375,73.40342712402344,228.01187133789062,6.0,800.0,0.1819237518310547,De_pie,6.6000000000000005,chronos,abordar
2025-12-09 13:00:00,Ensenada,alimentador,Ensenada,170.66249084472656,88.24723815917969,264.6917724609375,6.0,800.0,0.2133281135559082,De_pie,6.6000000000000005,chronos,abordar
2025-12-09 14:00:00,Ensenada,alimentador,Ensenada,182.70114135742188,93.58387756347656,285.9224853515625,6.0,800.0,0.22837642669677735,De_pie,6.6000000000000005,chronos,abordar
2025-12-09 15:00:00,Ensenada,alimentador,Ensenada,172.77902221679688,79.93724060058594,281.8790588378906,6.0,800.0,0.2159737777709961,De_pie,6.6000000000000005,chronos,abordar
2025-12-09 16:00:00,Ensenada,alimentador,Ensenada,194.7396697998047,88.22712707519531,315.6591796875,6.0,800.0,0.24342458724975585,De_pie,6.6000000000000005,chronos,abordar
2025-12-09 17:00:00,Ensenada,alimentador,Ensenada,287.1727600097656,150.60385131835938,422.7438659667969,6.0,800.0,0.35896595001220705,De_pie,6.6000000000000005,chronos,abordar
2025-12-09 18:00:00,Ensenada,alimentador,Ensenada,350.6138916015625,195.05567932128906,491.4441223144531,6.0,800.0,0.43826736450195314,Saturado,7.800000000000001,chronos,cambiar_paradero
2025-12-09 19:00:00,Ensenada,alimentador,Ensenada,347.2967834472656,187.12435913085938,494.8039855957031,6.0,800.0,0.43412097930908206,Saturado,7.800000000000001,chronos,cambiar_paradero
2025-12-09 20:00:00,Ensenada,alimentador,Ensenada,316.3320007324219,160.5754852294922,461.9093322753906,6.0,800.0,0.39541500091552734,Saturado,7.800000000000001,chronos,esperar_siguiente
2025-12-09 21:00:00,Ensenada,alimentador,Ensenada,229.03482055664062,101.87688446044922,359.07012939453125,6.0,800.0,0.2862935256958008,De_pie,6.6000000000000005,chronos,abordar
2025-12-09 22:00:00,Ensenada,alimentador,Ensenada,128.36605834960938,43.207420349121094,233.27655029296875,6.0,800.0,0.1604575729370117,De_pie,6.6000000000000005,chronos,abordar
2025-12-09 23:00:00,Ensenada,alimentador,Ensenada,64.55645751953125,10.115966796875,139.51278686523438,6.0,800.0,0.08069557189941406,Asientos,6.0,chronos,abordar
2025-12-09 00:00:00,Izaguirre,alimentador,Izaguirre,0.0,0.0,4.120506286621094,6.0,800.0,0.0,Asientos,6.0,chronos,abordar
2025-12-09 01:00:00,Izaguirre,alimentador,Izaguirre,0.0,0.0,1.9587898254394531,6.0,800.0,0.0,Asientos,6.0,chronos,abordar
2025-12-09 02:00:00,Izaguirre,alimentador,Izaguirre,0.0,0.0,1.9905681610107422,6.0,800.0,0.0,Asientos,6.0,chronos,abordar
2025-12-09 03:00:00,Izaguirre,alimentador,Izaguirre,0.0,0.0,3.070058822631836,6.0,800.0,0.0,Asientos,6.0,chronos,abordar
2025-12-09 04:00:00,Izaguirre,alimentador,Izaguirre,0.22220230102539062,0.0,13.346029281616211,6.0,800.0,0.0002777528762817383,Asientos,6.0,chronos,abordar
2025-12-09 05:00:00,Izaguirre,alimentador,Izaguirre,19.049028396606445,3.4608535766601562,44.34844207763672,6.0,800.0,0.023811285495758058,Asientos,6.0,chronos,abordar
2025-12-09 06:00:00,Izaguirre,alimentador,Izaguirre,53.177345275878906,19.7558650970459,93.04242706298828,6.0,800.0,0.06647168159484863,Asientos,6.0,chronos,abordar
2025-12-09 07:00:00,Izaguirre,alimentador,Izaguirre,53.36474609375,16.226390838623047,96.44427490234375,6.0,800.0,0.0667059326171875,Asientos,6.0,chronos,abordar
2025-12-09 08:00:00,Izaguirre,alimentador,Izaguirre,30.2500057220459,2.083517074584961,67.86671447753906,6.0,800.0,0.03781250715255737,Asientos,6.0,chronos,abordar
2025-12-09 09:00:00,Izaguirre,alimentador,Izaguirre,20.916179656982422,1.0080890655517578,51.298606872558594,6.0,800.0,0.02614522457122803,Asientos,6.0,chronos,abordar
2025-12-09 10:00:00,Izaguirre,alimentador,Izaguirre,17.028411865234375,0.3827476501464844,42.86748123168945,6.0,800.0,0.02128551483154297,Asientos,6.0,chronos,abordar
2025-12-09 11:00:00,Izaguirre,alimentador,Izaguirre,18.346378326416016,1.3466510772705078,43.319732666015625,6.0,800.0,0.02293297290802002,Asientos,6.0,chronos,abordar
2025-12-09 12:00:00,Izaguirre,alimentador,Izaguirre,19.507417678833008,0.7800712585449219,44.968109130859375,6.0,800.0,0.02438427209854126,Asientos,6.0,chronos,abordar
2025-12-09 13:00:00,Izaguirre,alimentador,Izaguirre,21.468568801879883,1.1007080078125,48.123775482177734,6.0,800.0,0.026835711002349855,Asientos,6.0,chronos,abordar
2025-12-09 14:00:00,Izaguirre,alimentador,Izaguirre,21.396316528320312,1.6413745880126953,49.443111419677734,6.0,800.0,0.026745395660400392,Asientos,6.0,chronos,abordar
2025-12-09 15:00:00,Izaguirre,alimentador,Izaguirre,20.820842742919922,1.8365592956542969,50.587162017822266,6.0,800.0,0.0260260534286499,Asientos,6.0,chronos,abordar
2025-12-09 16:00:00,Izaguirre,alimentador,Izaguirre,23.412397384643555,1.1386871337890625,59.346702575683594,6.0,800.0,0.029265496730804443,Asientos,6.0,chronos,abordar
2025-12-09 17:00:00,Izaguirre,alimentador,Izaguirre,40.900306701660156,8.681524276733398,86.69544982910156,6.0,800.0,0.051125383377075194,Asientos,6.0,chronos,abordar
2025-12-09 18:00:00,Izaguirre,alimentador,Izaguirre,56.624839782714844,13.897974967956543,111.25679779052734,6.0,800.0,0.07078104972839355,Asientos,6.0,chronos,abordar
2025-12-09 19:00:00,Izaguirre,alimentador,Izaguirre,59.44353485107422,13.271471977233887,117.50834655761719,6.0,800.0,0.07430441856384278,Asientos,6.0,chronos,abordar
2025-12-09 20:00:00,Izaguirre,alimentador,Izaguirre,49.03501892089844,9.343916893005371,102.3545150756836,6.0,800.0,0.06129377365112305,Asientos,6.0,chronos,abordar
2025-12-09 21:00:00,Izaguirre,alimentador,Izaguirre,32.86486053466797,5.251171112060547,75.78307342529297,6.0,800.0,0.04108107566833496,Asientos,6.0,chronos,abordar
2025-12-09 22:00:00,Izaguirre,alimentador,Izaguirre,17.652257919311523,1.8028945922851562,47.61599349975586,6.0,800.0,0.022065322399139404,Asientos,6.0,chronos,abordar
2025-12-09 23:00:00,Izaguirre,alimentador,Izaguirre,7.102067947387695,0.0,25.212678909301758,6.0,800.0,0.00887758493423462,Asientos,6.0,chronos,abordar
2025-12-09 00:00:00,Las Américas,alimentador,Las Américas,0.43480682373046875,0.0,8.017902374267578,6.0,800.0,0.0005435085296630859,Asientos,6.0,chronos,abordar
2025-12-09 01:00:00,Las Américas,alimentador,Las Américas,0.0,0.0,7.101318359375,6.0,800.0,0.0,Asientos,6.0,chronos,abordar
2025-12-09 02:00:00,Las Américas,alimentador,Las Américas,0.0,0.0,7.1909637451171875,6.0,800.0,0.0,Asientos,6.0,chronos,abordar
2025-12-09 03:00:00,Las Américas,alimentador,Las Américas,0.0,0.0,6.735755920410156,6.0,800.0,0.0,Asientos,6.0,chronos,abordar
2025-12-09 04:00:00,Las Américas,alimentador,Las Américas,3.7463836669921875,0.0,22.014507293701172,6.0,800.0,0.004682979583740234,Asientos,6.0,chronos,abordar
2025-12-09 05:00:00,Las Américas,alimentador,Las Américas,107.12820434570312,60.627342224121094,142.87379455566406,6.0,800.0,0.1339102554321289,De_pie,6.6000000000000005,chronos,abordar
2025-12-09 06:00:00,Las Américas,alimentador,Las Américas,244.08584594726562,157.09030151367188,298.9381408691406,6.0,800.0,0.30510730743408204,De_pie,6.6000000000000005,chronos,abordar
2025-12-09 07:00:00,Las Américas,alimentador,Las Américas,224.824951171875,146.4395294189453,271.2071533203125,6.0,800.0,0.28103118896484375,De_pie,6.6000000000000005,chronos,abordar
2025-12-09 08:00:00,Las Américas,alimentador,Las Américas,160.4166259765625,96.63919830322266,200.68655395507812,6.0,800.0,0.20052078247070312,De_pie,6.6000000000000005,chronos,abordar
2025-12-09 09:00:00,Las Américas,alimentador,Las Américas,111.3592758178711,62.768165588378906,146.15472412109375,6.0,800.0,0.13919909477233885,De_pie,6.6000000000000005,chronos,abordar
2025-12-09 10:00:00,Las Américas,alimentador,Las Américas,80.7325210571289,43.80545425415039,112.7034683227539,6.0,800.0,0.10091565132141113,Asientos,6.0,chronos,abordar
2025-12-09 11:00:00,Las Américas,alimentador,Las Américas,68.14125061035156,36.78756332397461,101.03999328613281,6.0,800.0,0.08517656326293946,Asientos,6.0,chronos,abordar
2025-12-09 12:00:00,Las Américas,alimentador,Las Américas,68.46221923828125,37.46852493286133,102.75214385986328,6.0,800.0,0.08557777404785157,Asientos,6.0,chronos,abordar
2025-12-09 13:00:00,Las Américas,alimentador,Las Américas,66.2192611694336,36.7214469909668,101.19793701171875,6.0,800.0,0.082774076461792,Asientos,6.0,chronos,abordar
2025-12-09 14:00:00,Las Américas,alimentador,Las Américas,57.10862350463867,31.166595458984375,89.07916259765625,6.0,800.0,0.07138577938079833,Asientos,6.0,chronos,abordar
2025-12-09 15:00:00,Las Américas,alimentador,Las Américas,55.86687469482422,30.03607177734375,88.7434310913086,6.0,800.0,0.06983359336853028,Asientos,6.0,chronos,abordar
2025-12-09 16:00:00,Las Américas,alimentador,Las Américas,60.757720947265625,31.943973541259766,93.29995727539062,6.0,800.0,0.07594715118408203,Asientos,6.0,chronos,abordar
2025-12-09 17:00:00,Las Américas,alimentador,Las Américas,86.45260620117188,55.33024978637695,120.7956771850586,6.0,800.0,0.10806575775146485,Asientos,6.0,chronos,abordar
2025-12-09 18:00:00,Las Américas,alimentador,Las Américas,79.49327087402344,50.94401550292969,112.91246032714844,6.0,800.0,0.0993665885925293,Asientos,6.0,chronos,abordar
2025-12-09 19:00:00,Las Américas,alimentador,Las Américas,67.03822326660156,42.521331787109375,98.65426635742188,6.0,800.0,0.08379777908325195,Asientos,6.0,chronos,abordar
2025-12-09 20:00:00,Las Américas,alimentador,Las Américas,45.836326599121094,25.61632537841797,74.62054443359375,6.0,800.0,0.057295408248901364,Asientos,6.0,chronos,abordar
2025-12-09 21:00:00,Las Américas,alimentador,Las Américas,31.25295639038086,13.310752868652344,56.80949401855469,6.0,800.0,0.039066195487976074,Asientos,6.0,chronos,abordar
2025-12-09 22:00:00,Las Américas,alimentador,Las Américas,20.40096664428711,4.707794189453125,42.607627868652344,6.0,800.0,0.02550120830535889,Asientos,6.0,chronos,abordar
2025-12-09 23:00:00,Las Américas,alimentador,Las Américas,8.204460144042969,0.0,25.246524810791016,6.0,800.0,0.010255575180053711,Asientos,6.0,chronos,abordar
2025-12-09 00:00:00,Los Olivos,alimentador,Los Olivos,0.0,0.0,6.967365264892578,6.0,800.0,0.0,Asientos,6.0,chronos,abordar
2025-12-09 01:00:00,Los Olivos,alimentador,Los Olivos,0.0,0.0,3.9768028259277344,6.0,800.0,0.0,Asientos,6.0,chronos,abordar
2025-12-09 02:00:00,Los Olivos,alimentador,Los Olivos,0.0,0.0,3.736186981201172,6.0,800.0,0.0,Asientos,6.0,chronos,abordar
2025-12-09 03:00:00,Los Olivos,alimentador,Los Olivos,0.0,0.0,4.82733154296875,6.0,800.0,0.0,Asientos,6.0,chronos,abordar
2025-12-09 04:00:00,Los Olivos,alimentador,Los Olivos,0.5407600402832031,0.0,20.298545837402344,6.0,800.0,0.0006759500503540039,Asientos,6.0,chronos,abordar
2025-12-09 05:00:00,Los Olivos,alimentador,Los Olivos,38.085113525390625,2.552043914794922,83.90306091308594,6.0,800.0,0.04760639190673828,Asientos,6.0,chronos,abordar
2025-12-09 06:00:00,Los Olivos,alimentador,Los Olivos,152.42201232910156,63.879554748535156,235.4496612548828,6.0,800.0,0.19052751541137694,De_pie,6.6000000000000005,chronos,abordar
2025-12-09 07:00:00,Los Olivos,alimentador,Los Olivos,168.8760986328125,62.70566940307617,265.72882080078125,6.0,800.0,0.21109512329101562,De_pie,6.6000000000000005,chronos,abordar
2025-12-09 08:00:00,Los Olivos,alimentador,Los Olivos,124.7432632446289,36.5108528137207,211.88783264160156,6.0,800.0,0.15592907905578612,De_pie,6.6000000000000005,chronos,abordar
2025-12-09 09:00:00,Los Olivos,alimentador,Los Olivos,71.07476806640625,8.359748840332031,142.3562469482422,6.0,800.0,0.08884346008300781,Asientos,6.0,chronos,abordar
2025-12-09 10:00:00,Los Olivos,alimentador,Los Olivos,45.954437255859375,0.0,104.77056884765625,6.0,800.0,0.05744304656982422,Asientos,6.0,chronos,abordar
2025-12-09 11:00:00,Los Olivos,alimentador,Los Olivos,37.331077575683594,0.0,92.35435485839844,6.0,800.0,0.04666384696960449,Asientos,6.0,chronos,abordar
2025-12-09 12:00:00,Los Olivos,alimentador,Los Olivos,36.83084487915039,0.0,91.2520523071289,6.0,800.0,0.04603855609893799,Asientos,6.0,chronos,abordar
2025-12-09 13:00:00,Los Olivos,alimentador,Los Olivos,38.951171875,0.0,94.00553894042969,6.0,800.0,0.04868896484375,Asientos,6.0,chronos,abordar
2025-12-09 14:00:00,Los Olivos,alimentador,Los Olivos,38.979217529296875,0.0,93.10306549072266,6.0,800.0,0.04872402191162109,Asientos,6.0,chronos,abordar
2025-12-09 15:00:00,Los Olivos,alimentador,Los Olivos,47.209136962890625,5.933444976806641,103.6536865234375,6.0,800.0,0.05901142120361328,Asientos,6.0,chronos,abordar
2025-12-09 16:00:00,Los Olivos,alimentador,Los Olivos,64.21158599853516,13.245296478271484,129.44174194335938,6.0,800.0,0.08026448249816895,Asientos,6.0,chronos,abordar
2025-12-09 17:00:00,Los Olivos,alimentador,Los Olivos,108.94230651855469,34.72496032714844,189.9163818359375,6.0,800.0,0.13617788314819335,De_pie,6.6000000000000005,chronos,abordar
2025-12-09 18:00:00,Los Olivos,alimentador,Los Olivos,160.0645751953125,61.582061767578125,254.3994598388672,6.0,800.0,0.20008071899414062,De_pie,6.6000000000000005,chronos,abordar
2025-12-09 19:00:00,Los Olivos,alimentador,Los Olivos,171.5719451904297,63.78990173339844,273.3979187011719,6.0,800.0,0.2144649314880371,De_pie,6.6000000000000005,chronos,abordar
2025-12-09 20:00:00,Los Olivos,alimentador,Los Olivos,153.44338989257812,54.51080322265625,250.90231323242188,6.0,800.0,0.19180423736572266,De_pie,6.6000000000000005,chronos,abordar
2025-12-09 21:00:00,Los Olivos,alimentador,Los Olivos,93.83377838134766,22.677650451660156,174.74449157714844,6.0,800.0,0.11729222297668457,Asientos,6.0,chronos,abordar
2025-12-09 22:00:00,Los Olivos,alimentador,Los Olivos,50.526885986328125,8.788265228271484,108.7278823852539,6.0,800.0,0.06315860748291016,Asientos,6.0,chronos,abordar
2025-12-09 23:00:00,Los Olivos,alimentador,Los Olivos,20.024696350097656,0.0,55.369293212890625,6.0,800.0,0.02503087043762207,Asientos,6.0,chronos,abordar
2025-12-09 00:00:00,Los Próceres,alimentador,Los Próceres,0.4782142639160156,0.0,7.339820861816406,6.0,800.0,0.0005977678298950195,Asientos,6.0,chronos,abordar
2025-12-09 01:00:00,Los Próceres,alimentador,Los Próceres,0.0,0.0,5.191162109375,6.0,800.0,0.0,Asientos,6.0,chronos,abordar
2025-12-09 02:00:00,Los Próceres,alimentador,Los Próceres,0.2657623291015625,0.0,6.212375640869141,6.0,800.0,0.0003322029113769531,Asientos,6.0,chronos,abordar
2025-12-09 03:00:00,Los Próceres,alimentador,Los Próceres,0.0,0.0,5.528831481933594,6.0,800.0,0.0,Asientos,6.0,chronos,abordar
2025-12-09 04:00:00,Los Próceres,alimentador,Los Próceres,0.0,0.0,11.869285583496094,6.0,800.0,0.0,Asientos,6.0,chronos,abordar
2025-12-09 05:00:00,Los Próceres,alimentador,Los Próceres,31.88825798034668,11.018077850341797,57.288719177246094,6.0,800.0,0.03986032247543335,Asientos,6.0,chronos,abordar
2025-12-09 06:00:00,Los Próceres,alimentador,Los Próceres,85.89385986328125,43.72162628173828,126.79804992675781,6.0,800.0,0.10736732482910157,Asientos,6.0,chronos,abordar
2025-12-09 07:00:00,Los Próceres,alimentador,Los Próceres,64.15825653076172,27.83045196533203,103.00397491455078,6.0,800.0,0.08019782066345214,Asientos,6.0,chronos,abordar
2025-12-09 08:00:00,Los Próceres,alimentador,Los Próceres,48.667945861816406,17.105533599853516,84.36193084716797,6.0,800.0,0.06083493232727051,Asientos,6.0,chronos,abordar
2025-12-09 09:00:00,Los Próceres,alimentador,Los Próceres,45.73677444458008,17.359256744384766,79.3360824584961,6.0,800.0,0.0571709680557251,Asientos,6.0,chronos,abordar
2025-12-09 10:00:00,Los Próceres,alimentador,Los Próceres,44.08976364135742,17.619449615478516,76.67381286621094,6.0,800.0,0.055112204551696777,Asientos,6.0,chronos,abordar
2025-12-09 11:00:00,Los Próceres,alimentador,Los Próceres,42.71099090576172,16.751850128173828,74.7125015258789,6.0,800.0,0.05338873863220215,Asientos,6.0,chronos,abordar
2025-12-09 12:00:00,Los Próceres,alimentador,Los Próceres,42.52699279785156,15.906505584716797,74.31793975830078,6.0,800.0,0.053158740997314456,Asientos,6.0,chronos,abordar
2025-12-09 13:00:00,Los Próceres,alimentador,Los Próceres,44.47123718261719,17.70883560180664,77.211669921875,6.0,800.0,0.05558904647827148,Asientos,6.0,chronos,abordar
2025-12-09 14:00:00,Los Próceres,alimentador,Los Próceres,42.579071044921875,17.06128692626953,74.67179870605469,6.0,800.0,0.05322383880615234,Asientos,6.0,chronos,abordar
2025-12-09 15:00:00,Los Próceres,alimentador,Los Próceres,44.663841247558594,18.805767059326172,78.64756774902344,6.0,800.0,0.05582980155944824,Asientos,6.0,chronos,abordar
2025-12-09 16:00:00,Los Próceres,alimentador,Los Próceres,52.70597839355469,21.89480209350586,90.92035675048828,6.0,800.0,0.06588247299194336,Asientos,6.0,chronos,abordar
2025-12-09 17:00:00,Los Próceres,alimentador,Los Próceres,84.22814178466797,43.82567596435547,127.79808044433594,6.0,800.0,0.10528517723083496,Asientos,6.0,chronos,abordar
2025-12-09 18:00:00,Los Próceres,alimentador,Los Próceres,80.284423828125,40.196990966796875,122.89218139648438,6.0,800.0,0.10035552978515624,Asientos,6.0,chronos,abordar
2025-12-09 19:00:00,Los Próceres,alimentador,Los Próceres,63.975467681884766,30.521615982055664,102.21333312988281,6.0,800.0,0.07996933460235596,Asientos,6.0,chronos,abordar
2025-12-09 20:00:00,Los Próceres,alimentador,Los Próceres,48.378379821777344,21.317115783691406,80.73226928710938,6.0,800.0,0.06047297477722168,Asientos,6.0,chronos,abordar
2025-12-09 21:00:00,Los Próceres,alimentador,Los Próceres,36.75850296020508,14.96163558959961,64.12134552001953,6.0,800.0,0.04594812870025635,Asientos,6.0,chronos,abordar
2025-12-09 22:00:00,Los Próceres,alimentador,Los Próceres,25.763519287109375,7.930835723876953,47.90626525878906,6.0,800.0,0.03220439910888672,Asientos,6.0,chronos,abordar
2025-12-09 23:00:00,Los Próceres,alimentador,Los Próceres,11.01766586303711,0.0,26.306699752807617,6.0,800.0,0.013772082328796387,Asientos,6.0,chronos,abordar
2025-12-09 00:00:00,Milagro de Jesús,alimentador,Milagro de Jesús,0.35778045654296875,0.0,12.572528839111328,6.0,800.0,0.0004472255706787109,Asientos,6.0,chronos,abordar
2025-12-09 01:00:00,Milagro de Jesús,alimentador,Milagro de Jesús,0.0,0.0,5.415962219238281,6.0,800.0,0.0,Asientos,6.0,chronos,abordar
2025-12-09 02:00:00,Milagro de Jesús,alimentador,Milagro de Jesús,0.0,0.0,6.570697784423828,6.0,800.0,0.0,Asientos,6.0,chronos,abordar
2025-12-09 03:00:00,Milagro de Jesús,alimentador,Milagro de Jesús,0.0,0.0,6.1433563232421875,6.0,800.0,0.0,Asientos,6.0,chronos,abordar
2025-12-09 04:00:00,Milagro de Jesús,alimentador,Milagro de Jesús,2.3602027893066406,0.0,18.888229370117188,6.0,800.0,0.002950253486633301,Asientos,6.0,chronos,abordar
2025-12-09 05:00:00,Milagro de Jesús,alimentador,Milagro de Jesús,29.986656188964844,5.66021728515625,63.36427307128906,6.0,800.0,0.037483320236206055,Asientos,6.0,chronos,abordar
2025-12-09 06:00:00,Milagro de Jesús,alimentador,Milagro de Jesús,112.78938293457031,58.33993911743164,167.6725311279297,6.0,800.0,0.14098672866821288,De_pie,6.6000000000000005,chronos,abordar
2025-12-09 07:00:00,Milagro de Jesús,alimentador,Milagro de Jesús,103.07564544677734,53.03050994873047,157.5504608154297,6.0,800.0,0.12884455680847168,De_pie,6.6000000000000005,chronos,abordar
2025-12-09 08:00:00,Milagro de Jesús,alimentador,Milagro de Jesús,69.32445526123047,29.431617736816406,117.6378173828125,6.0,800.0,0.08665556907653808,Asientos,6.0,chronos,abordar
2025-12-09 09:00:00,Milagro de Jesús,alimentador,Milagro de Jesús,43.78947830200195,13.382732391357422,84.12037658691406,6.0,800.0,0.054736847877502444,Asientos,6.0,chronos,abordar
2025-12-09 10:00:00,Milagro de Jesús,alimentador,Milagro de Jesús,24.616539001464844,0.5545578002929688,58.149417877197266,6.0,800.0,0.030770673751831054,Asientos,6.0,chronos,abordar
2025-12-09 11:00:00,Milagro de Jesús,alimentador,Milagro de Jesús,25.20600128173828,0.9283218383789062,57.238555908203125,6.0,800.0,0.031507501602172854,Asientos,6.0,chronos,abordar
2025-12-09 12:00:00,Milagro de Jesús,alimentador,Milagro de Jesús,30.060638427734375,2.961383819580078,63.3859748840332,6.0,800.0,0.03757579803466797,Asientos,6.0,chronos,abordar
2025-12-09 13:00:00,Milagro de Jesús,alimentador,Milagro de Jesús,32.68477249145508,2.504425048828125,68.23594665527344,6.0,800.0,0.04085596561431885,Asientos,6.0,chronos,abordar
2025-12-09 14:00:00,Milagro de Jesús,alimentador,Milagro de Jesús,35.022377014160156,2.2917098999023438,74.6552963256836,6.0,800.0,0.043777971267700194,Asientos,6.0,chronos,abordar
2025-12-09 15:00:00,Milagro de Jesús,alimentador,Milagro de Jesús,41.31732940673828,5.282859802246094,87.72877502441406,6.0,800.0,0.05164666175842285,Asientos,6.0,chronos,abordar
2025-12-09 16:00:00,Milagro de Jesús,alimentador,Milagro de Jesús,54.20271682739258,9.373023986816406,114.94063568115234,6.0,800.0,0.06775339603424073,Asientos,6.0,chronos,abordar
2025-12-09 17:00:00,Milagro de Jesús,alimentador,Milagro de Jesús,94.78815460205078,27.388404846191406,175.98614501953125,6.0,800.0,0.11848519325256347,Asientos,6.0,chronos,abordar
2025-12-09 18:00:00,Milagro de Jesús,alimentador,Milagro de Jesús,173.02981567382812,72.23368835449219,274.4870300292969,6.0,800.0,0.21628726959228517,De_pie,6.6000000000000005,chronos,abordar
2025-12-09 19:00:00,Milagro de Jesús,alimentador,Milagro de Jesús,177.40725708007812,71.99925994873047,283.29510498046875,6.0,800.0,0.22175907135009765,De_pie,6.6000000000000005,chronos,abordar
2025-12-09 20:00:00,Milagro de Jesús,alimentador,Milagro de Jesús,144.34829711914062,53.510807037353516,243.01539611816406,6.0,800.0,0.1804353713989258,De_pie,6.6000000000000005,chronos,abordar
2025-12-09 21:00:00,Milagro de Jesús,alimentador,Milagro de Jesús,96.79481506347656,29.86867904663086,178.567626953125,6.0,800.0,0.1209935188293457,Asientos,6.0,chronos,abordar
2025-12-09 22:00:00,Milagro de Jesús,alimentador,Milagro de Jesús,41.301856994628906,2.6383705139160156,100.02885437011719,6.0,800.0,0.05162732124328613,Asientos,6.0,chronos,abordar
2025-12-09 23:00:00,Milagro de Jesús,alimentador,Milagro de Jesús,17.796146392822266,0.0,54.59519958496094,6.0,800.0,0.02224518299102783,Asientos,6.0,chronos,abordar
2025-12-09 00:00:00,Naranjal,alimentador,Naranjal,0.0,0.0,12.509330749511719,6.0,800.0,0.0,Asientos,6.0,chronos,abordar
2025-12-09 01:00:00,Naranjal,alimentador,Naranjal,0.0,0.0,6.700416564941406,6.0,800.0,0.0,Asientos,6.0,chronos,abordar
2025-12-09 02:00:00,Naranjal,alimentador,Naranjal,0.0,0.0,8.116043090820312,6.0,800.0,0.0,Asientos,6.0,chronos,abordar
2025-12-09 03:00:00,Naranjal,alimentador,Naranjal,0.0,0.0,3.287872314453125,6.0,800.0,0.0,Asientos,6.0,chronos,abordar
2025-12-09 04:00:00,Naranjal,alimentador,Naranjal,0.0,0.0,19.29186248779297,6.0,800.0,0.0,Asientos,6.0,chronos,abordar
2025-12-09 05:00:00,Naranjal,alimentador,Naranjal,62.98248291015625,18.312538146972656,113.29094696044922,6.0,800.0,0.07872810363769531,Asientos,6.0,chronos,abordar
2025-12-09 06:00:00,Naranjal,alimentador,Naranjal,217.6305389404297,116.62028503417969,303.6854248046875,6.0,800.0,0.2720381736755371,De_pie,6.6000000000000005,chronos,abordar
2025-12-09 07:00:00,Naranjal,alimentador,Naranjal,229.17108154296875,116.7183837890625,324.58392333984375,6.0,800.0,0.28646385192871093,De_pie,6.6000000000000005,chronos,abordar
2025-12-09 08:00:00,Naranjal,alimentador,Naranjal,163.18801879882812,70.1865234375,249.36041259765625,6.0,800.0,0.20398502349853515,De_pie,6.6000000000000005,chronos,abordar
2025-12-09 09:00:00,Naranjal,alimentador,Naranjal,109.6271743774414,39.35243225097656,183.09530639648438,6.0,800.0,0.13703396797180176,De_pie,6.6000000000000005,chronos,abordar
2025-12-09 10:00:00,Naranjal,alimentador,Naranjal,73.69335174560547,19.80120086669922,138.38360595703125,6.0,800.0,0.09211668968200684,Asientos,6.0,chronos,abordar
2025-12-09 11:00:00,Naranjal,alimentador,Naranjal,52.79349136352539,6.5554656982421875,115.31884765625,6.0,800.0,0.06599186420440674,Asientos,6.0,chronos,abordar
2025-12-09 12:00:00,Naranjal,alimentador,Naranjal,39.643306732177734,0.0,100.88461303710938,6.0,800.0,0.04955413341522217,Asientos,6.0,chronos,abordar
2025-12-09 13:00:00,Naranjal,alimentador,Naranjal,41.297828674316406,0.0,104.54065704345703,6.0,800.0,0.05162228584289551,Asientos,6.0,chronos,abordar
2025-12-09 14:00:00,Naranjal,alimentador,Naranjal,41.785892486572266,0.0,106.87701416015625,6.0,800.0,0.052232365608215335,Asientos,6.0,chronos,abordar
2025-12-09 15:00:00,Naranjal,alimentador,Naranjal,32.26762390136719,0.0,97.76971435546875,6.0,800.0,0.040334529876708984,Asientos,6.0,chronos,abordar
2025-12-09 16:00:00,Naranjal,alimentador,Naranjal,29.196197509765625,0.0,103.67912292480469,6.0,800.0,0.03649524688720703,Asientos,6.0,chronos,abordar
2025-12-09 17:00:00,Naranjal,alimentador,Naranjal,70.98774719238281,5.696800231933594,168.23724365234375,6.0,800.0,0.08873468399047851,Asientos,6.0,chronos,abordar
2025-12-09 18:00:00,Naranjal,alimentador,Naranjal,144.1949005126953,49.64596939086914,262.2732849121094,6.0,800.0,0.18024362564086915,De_pie,6.6000000000000005,chronos,abordar
2025-12-09 19:00:00,Naranjal,alimentador,Naranjal,163.169921875,53.11772155761719,298.198974609375,6.0,800.0,0.20396240234375,De_pie,6.6000000000000005,chronos,abordar
2025-12-09 20:00:00,Naranjal,alimentador,Naranjal,149.45437622070312,40.749820709228516,287.01092529296875,6.0,800.0,0.1868179702758789,De_pie,6.6000000000000005,chronos,abordar
2025-12-09 21:00:00,Naranjal,alimentador,Naranjal,111.27813720703125,23.576690673828125,231.94180297851562,6.0,800.0,0.13909767150878907,De_pie,6.6000000000000005,chronos,abordar
2025-12-09 22:00:00,Naranjal,alimentador,Naranjal,59.45381164550781,5.44915771484375,149.7445831298828,6.0,800.0,0.07431726455688477,Asientos,6.0,chronos,abordar
2025-12-09 23:00:00,Naranjal,alimentador,Naranjal,26.80636978149414,0.0,85.88880157470703,6.0,800.0,0.03350796222686767,Asientos,6.0,chronos,abordar
2025-12-09 00:00:00,Payet,alimentador,Payet,0.9802055358886719,0.0,10.464925765991211,6.0,800.0,0.00122525691986084,Asientos,6.0,chronos,abordar
2025-12-09 01:00:00,Payet,alimentador,Payet,0.0,0.0,4.697914123535156,6.0,800.0,0.0,Asientos,6.0,chronos,abordar
2025-12-09 02:00:00,Payet,alimentador,Payet,0.0,0.0,4.891548156738281,6.0,800.0,0.0,Asientos,6.0,chronos,abordar
2025-12-09 03:00:00,Payet,alimentador,Payet,0.0,0.0,4.825218200683594,6.0,800.0,0.0,Asientos,6.0,chronos,abordar
2025-12-09 04:00:00,Payet,alimentador,Payet,0.7691688537597656,0.0,15.208944320678711,6.0,800.0,0.000961461067199707,Asientos,6.0,chronos,abordar
2025-12-09 05:00:00,Payet,alimentador,Payet,28.55921173095703,6.113685607910156,60.47644805908203,6.0,800.0,0.03569901466369629,Asientos,6.0,chronos,abordar
2025-12-09 06:00:00,Payet,alimentador,Payet,85.2802734375,33.04082489013672,140.83395385742188,6.0,800.0,0.106600341796875,Asientos,6.0,chronos,abordar
2025-12-09 07:00:00,Payet,alimentador,Payet,87.01930236816406,27.216306686401367,149.66567993164062,6.0,800.0,0.10877412796020508,Asientos,6.0,chronos,abordar
2025-12-09 08:00:00,Payet,alimentador,Payet,59.53093719482422,11.005891799926758,115.78226470947266,6.0,800.0,0.07441367149353027,Asientos,6.0,chronos,abordar
2025-12-09 09:00:00,Payet,alimentador,Payet,36.14778518676758,2.0470314025878906,81.84739685058594,6.0,800.0,0.04518473148345947,Asientos,6.0,chronos,abordar
2025-12-09 10:00:00,Payet,alimentador,Payet,21.713912963867188,0.0,59.030799865722656,6.0,800.0,0.027142391204833985,Asientos,6.0,chronos,abordar
2025-12-09 11:00:00,Payet,alimentador,Payet,17.580366134643555,0.0,50.984901428222656,6.0,800.0,0.021975457668304443,Asientos,6.0,chronos,abordar
2025-12-09 12:00:00,Payet,alimentador,Payet,11.679943084716797,0.0,41.33917236328125,6.0,800.0,0.014599928855895996,Asientos,6.0,chronos,abordar
2025-12-09 13:00:00,Payet,alimentador,Payet,8.707035064697266,0.0,36.03525161743164,6.0,800.0,0.010883793830871583,Asientos,6.0,chronos,abordar
2025-12-09 14:00:00,Payet,alimentador,Payet,7.4503173828125,0.0,33.46905517578125,6.0,800.0,0.009312896728515626,Asientos,6.0,chronos,abordar
2025-12-09 15:00:00,Payet,alimentador,Payet,6.545654296875,0.0,35.37492370605469,6.0,800.0,0.00818206787109375,Asientos,6.0,chronos,abordar
2025-12-09 16:00:00,Payet,alimentador,Payet,12.75943374633789,0.0,55.8687858581543,6.0,800.0,0.01594929218292236,Asientos,6.0,chronos,abordar
2025-12-09 17:00:00,Payet,alimentador,Payet,69.26904296875,15.9649658203125,132.9229736328125,6.0,800.0,0.0865863037109375,Asientos,6.0,chronos,abordar
2025-12-09 18:00:00,Payet,alimentador,Payet,108.94184112548828,33.33306884765625,187.5987091064453,6.0,800.0,0.13617730140686035,De_pie,6.6000000000000005,chronos,abordar
2025-12-09 19:00:00,Payet,alimentador,Payet,113.58837127685547,31.036584854125977,197.93186950683594,6.0,800.0,0.14198546409606932,De_pie,6.6000000000000005,chronos,abordar
2025-12-09 20:00:00,Payet,alimentador,Payet,99.78266906738281,23.35862922668457,180.7933349609375,6.0,800.0,0.12472833633422852,Asientos,6.0,chronos,abordar
2025-12-09 21:00:00,Payet,alimentador,Payet,70.00066375732422,12.085302352905273,138.43789672851562,6.0,800.0,0.08750082969665528,Asientos,6.0,chronos,abordar
2025-12-09 22:00:00,Payet,alimentador,Payet,42.84337615966797,5.593418121337891,93.06279754638672,6.0,800.0,0.05355422019958496,Asientos,6.0,chronos,abordar
2025-12-09 23:00:00,Payet,alimentador,Payet,23.545873641967773,0.7259140014648438,57.99224853515625,6.0,800.0,0.029432342052459717,Asientos,6.0,chronos,abordar
2025-12-09 00:00:00,Puente Piedra,alimentador,Puente Piedra,0.0,0.0,12.980911254882812,6.0,800.0,0.0,Asientos,6.0,chronos,abordar
2025-12-09 01:00:00,Puente Piedra,alimentador,Puente Piedra,0.0,0.0,7.9143829345703125,6.0,800.0,0.0,Asientos,6.0,chronos,abordar
2025-12-09 02:00:00,Puente Piedra,alimentador,Puente Piedra,0.0,0.0,11.00830078125,6.0,800.0,0.0,Asientos,6.0,chronos,abordar
2025-12-09 03:00:00,Puente Piedra,alimentador,Puente Piedra,0.0,0.0,11.942611694335938,6.0,800.0,0.0,Asientos,6.0,chronos,abordar
2025-12-09 04:00:00,Puente Piedra,alimentador,Puente Piedra,8.138931274414062,0.0,51.0377197265625,6.0,800.0,0.010173664093017579,Asientos,6.0,chronos,abordar
2025-12-09 05:00:00,Puente Piedra,alimentador,Puente Piedra,137.23973083496094,52.355812072753906,222.87515258789062,6.0,800.0,0.17154966354370116,De_pie,6.6000000000000005,chronos,abordar
2025-12-09 06:00:00,Puente Piedra,alimentador,Puente Piedra,454.29058837890625,274.6238098144531,591.9371337890625,6.0,800.0,0.5678632354736328,Saturado,7.800000000000001,chronos,cambiar_paradero
2025-12-09 07:00:00,Puente Piedra,alimentador,Puente Piedra,478.80352783203125,291.94903564453125,618.1944580078125,6.0,800.0,0.598504409790039,Saturado,7.800000000000001,chronos,esperar_siguiente
2025-12-09 08:00:00,Puente Piedra,alimentador,Puente Piedra,275.2015380859375,139.25396728515625,392.74365234375,6.0,800.0,0.34400192260742185,De_pie,6.6000000000000005,chronos,abordar
2025-12-09 09:00:00,Puente Piedra,alimentador,Puente Piedra,152.16741943359375,53.29185485839844,246.19821166992188,6.0,800.0,0.1902092742919922,De_pie,6.6000000000000005,chronos,abordar
2025-12-09 10:00:00,Puente Piedra,alimentador,Puente Piedra,112.33444213867188,31.987876892089844,197.61965942382812,6.0,800.0,0.14041805267333984,De_pie,6.6000000000000005,chronos,abordar
2025-12-09 11:00:00,Puente Piedra,alimentador,Puente Piedra,111.13712310791016,34.558998107910156,196.6267547607422,6.0,800.0,0.1389214038848877,De_pie,6.6000000000000005,chronos,abordar
2025-12-09 12:00:00,Puente Piedra,alimentador,Puente Piedra,132.5626678466797,50.896080017089844,221.698974609375,6.0,800.0,0.16570333480834962,De_pie,6.6000000000000005,chronos,abordar
2025-12-09 13:00:00,Puente Piedra,alimentador,Puente Piedra,138.78530883789062,53.233741760253906,234.06483459472656,6.0,800.0,0.17348163604736327,De_pie,6.6000000000000005,chronos,abordar
2025-12-09 14:00:00,Puente Piedra,alimentador,Puente Piedra,113.38775634765625,32.997703552246094,206.92095947265625,6.0,800.0,0.14173469543457032,De_pie,6.6000000000000005,chronos,abordar
2025-12-09 15:00:00,Puente Piedra,alimentador,Puente Piedra,97.92652893066406,18.068435668945312,194.42755126953125,6.0,800.0,0.12240816116333007,Asientos,6.0,chronos,abordar
2025-12-09 16:00:00,Puente Piedra,alimentador,Puente Piedra,149.7111358642578,50.00721740722656,259.89141845703125,6.0,800.0,0.18713891983032227,De_pie,6.6000000000000005,chronos,abordar
2025-12-09 17:00:00,Puente Piedra,alimentador,Puente Piedra,268.25103759765625,136.7220458984375,396.3060302734375,6.0,800.0,0.3353137969970703,De_pie,6.6000000000000005,chronos,abordar
2025-12-09 18:00:00,Puente Piedra,alimentador,Puente Piedra,327.07568359375,180.76220703125,459.41424560546875,6.0,800.0,0.4088446044921875,Saturado,7.800000000000001,chronos,cambiar_paradero
2025-12-09 19:00:00,Puente Piedra,alimentador,Puente Piedra,314.8930358886719,172.97567749023438,447.39678955078125,6.0,800.0,0.3936162948608398,Saturado,7.800000000000001,chronos,esperar_siguiente
2025-12-09 20:00:00,Puente Piedra,alimentador,Puente Piedra,268.45684814453125,139.4123077392578,392.5425720214844,6.0,800.0,0.33557106018066407,De_pie,6.6000000000000005,chronos,abordar
2025-12-09 21:00:00,Puente Piedra,alimentador,Puente Piedra,178.04299926757812,76.84732818603516,285.4511413574219,6.0,800.0,0.22255374908447265,De_pie,6.6000000000000005,chronos,abordar
2025-12-09 22:00:00,Puente Piedra,alimentador,Puente Piedra,93.08016204833984,25.785430908203125,179.14830017089844,6.0,800.0,0.1163502025604248,Asientos,6.0,chronos,abordar
2025-12-09 23:00:00,Puente Piedra,alimentador,Puente Piedra,34.090301513671875,0.0,92.42656707763672,6.0,800.0,0.04261287689208984,Asientos,6.0,chronos,abordar
2025-12-09 00:00:00,Puno,alimentador,Puno,0.0,0.0,9.549224853515625,6.0,800.0,0.0,Asientos,6.0,chronos,abordar
2025-12-09 01:00:00,Puno,alimentador,Puno,0.0,0.0,5.9625244140625,6.0,800.0,0.0,Asientos,6.0,chronos,abordar
2025-12-09 02:00:00,Puno,alimentador,Puno,0.0,0.0,3.71551513671875,6.0,800.0,0.0,Asientos,6.0,chronos,abordar
2025-12-09 03:00:00,Puno,alimentador,Puno,0.0,0.0,1.2370986938476562,6.0,800.0,0.0,Asientos,6.0,chronos,abordar
2025-12-09 04:00:00,Puno,alimentador,Puno,0.0,0.0,16.61554718017578,6.0,800.0,0.0,Asientos,6.0,chronos,abordar
2025-12-09 05:00:00,Puno,alimentador,Puno,43.72704315185547,6.162681579589844,87.20543670654297,6.0,800.0,0.05465880393981934,Asientos,6.0,chronos,abordar
2025-12-09 06:00:00,Puno,alimentador,Puno,178.53445434570312,90.73789978027344,254.40933227539062,6.0,800.0,0.2231680679321289,De_pie,6.6000000000000005,chronos,abordar
2025-12-09 07:00:00,Puno,alimentador,Puno,169.23025512695312,82.20879364013672,247.90805053710938,6.0,800.0,0.21153781890869142,De_pie,6.6000000000000005,chronos,abordar
2025-12-09 08:00:00,Puno,alimentador,Puno,104.21782684326172,34.2437858581543,175.30775451660156,6.0,800.0,0.13027228355407716,De_pie,6.6000000000000005,chronos,abordar
2025-12-09 09:00:00,Puno,alimentador,Puno,73.74178314208984,17.96820068359375,135.2243194580078,6.0,800.0,0.0921772289276123,Asientos,6.0,chronos,abordar
2025-12-09 10:00:00,Puno,alimentador,Puno,51.43480682373047,5.613533020019531,107.34857177734375,6.0,800.0,0.06429350852966309,Asientos,6.0,chronos,abordar
2025-12-09 11:00:00,Puno,alimentador,Puno,49.19200897216797,4.9561004638671875,104.52194213867188,6.0,800.0,0.06149001121520996,Asientos,6.0,chronos,abordar
2025-12-09 12:00:00,Puno,alimentador,Puno,61.46546173095703,11.624496459960938,120.22216796875,6.0,800.0,0.07683182716369628,Asientos,6.0,chronos,abordar
2025-12-09 13:00:00,Puno,alimentador,Puno,74.36772155761719,17.526782989501953,138.41592407226562,6.0,800.0,0.09295965194702148,Asientos,6.0,chronos,abordar
2025-12-09 14:00:00,Puno,alimentador,Puno,55.59967041015625,4.283500671386719,118.24068450927734,6.0,800.0,0.06949958801269532,Asientos,6.0,chronos,abordar
2025-12-09 15:00:00,Puno,alimentador,Puno,46.689781188964844,0.8522262573242188,109.9551010131836,6.0,800.0,0.05836222648620606,Asientos,6.0,chronos,abordar
2025-12-09 16:00:00,Puno,alimentador,Puno,55.5650634765625,2.7089004516601562,129.302978515625,6.0,800.0,0.06945632934570313,Asientos,6.0,chronos,abordar
2025-12-09 17:00:00,Puno,alimentador,Puno,100.54045104980469,27.035423278808594,191.13539123535156,6.0,800.0,0.12567556381225586,De_pie,6.6000000000000005,chronos,abordar
2025-12-09 18:00:00,Puno,alimentador,Puno,155.00225830078125,58.99052810668945,259.8183898925781,6.0,800.0,0.19375282287597656,De_pie,6.6000000000000005,chronos,abordar
2025-12-09 19:00:00,Puno,alimentador,Puno,154.1011962890625,55.09000778198242,266.3945617675781,6.0,800.0,0.19262649536132812,De_pie,6.6000000000000005,chronos,abordar
2025-12-09 20:00:00,Puno,alimentador,Puno,129.3441162109375,35.54983901977539,237.99819946289062,6.0,800.0,0.1616801452636719,De_pie,6.6000000000000005,chronos,abordar
2025-12-09 21:00:00,Puno,alimentador,Puno,88.96585083007812,16.128929138183594,183.53738403320312,6.0,800.0,0.11120731353759766,Asientos,6.0,chronos,abordar
2025-12-09 22:00:00,Puno,alimentador,Puno,50.420127868652344,2.7715072631835938,123.69985961914062,6.0,800.0,0.06302515983581543,Asientos,6.0,chronos,abordar
2025-12-09 23:00:00,Puno,alimentador,Puno,23.858749389648438,0.0,73.83114624023438,6.0,800.0,0.029823436737060546,Asientos,6.0,chronos,abordar
2025-12-09 00:00:00,San Juan de Dios,alimentador,San Juan de Dios,2.5581588745117188,0.0,17.11669158935547,6.0,800.0,0.0031976985931396486,Asientos,6.0,chronos,abordar
2025-12-09 01:00:00,San Juan de Dios,alimentador,San Juan de Dios,0.0,0.0,9.545646667480469,6.0,800.0,0.0,Asientos,6.0,chronos,abordar
2025-12-09 02:00:00,San Juan de Dios,alimentador,San Juan de Dios,0.6036796569824219,0.0,10.009647369384766,6.0,800.0,0.0007545995712280273,Asientos,6.0,chronos,abordar
2025-12-09 03:00:00,San Juan de Dios,alimentador,San Juan de Dios,0.0,0.0,4.943138122558594,6.0,800.0,0.0,Asientos,6.0,chronos,abordar
2025-12-09 04:00:00,San Juan de Dios,alimentador,San Juan de Dios,0.33432769775390625,0.0,16.168582916259766,6.0,800.0,0.0004179096221923828,Asientos,6.0,chronos,abordar
2025-12-09 05:00:00,San Juan de Dios,alimentador,San Juan de Dios,29.04176139831543,5.014690399169922,58.86701583862305,6.0,800.0,0.03630220174789429,Asientos,6.0,chronos,abordar
2025-12-09 06:00:00,San Juan de Dios,alimentador,San Juan de Dios,117.2720947265625,67.97537994384766,162.3046112060547,6.0,800.0,0.14659011840820313,De_pie,6.6000000000000005,chronos,abordar
2025-12-09 07:00:00,San Juan de Dios,alimentador,San Juan de Dios,106.82284545898438,65.08964538574219,148.837646484375,6.0,800.0,0.13352855682373047,De_pie,6.6000000000000005,chronos,abordar
2025-12-09 08:00:00,San Juan de Dios,alimentador,San Juan de Dios,63.67983627319336,31.77180290222168,101.20065307617188,6.0,800.0,0.0795997953414917,Asientos,6.0,chronos,abordar
2025-12-09 09:00:00,San Juan de Dios,alimentador,San Juan de Dios,49.42406463623047,21.68401336669922,82.83004760742188,6.0,800.0,0.061780080795288086,Asientos,6.0,chronos,abordar
2025-12-09 10:00:00,San Juan de Dios,alimentador,San Juan de Dios,39.847259521484375,14.97378158569336,72.0450439453125,6.0,800.0,0.04980907440185547,Asientos,6.0,chronos,abordar
2025-12-09 11:00:00,San Juan de Dios,alimentador,San Juan de Dios,32.152992248535156,10.222099304199219,63.010555267333984,6.0,800.0,0.040191240310668945,Asientos,6.0,chronos,abordar
2025-12-09 12:00:00,San Juan de Dios,alimentador,San Juan de Dios,27.55182456970215,6.347587585449219,57.71257019042969,6.0,800.0,0.034439780712127686,Asientos,6.0,chronos,abordar
2025-12-09 13:00:00,San Juan de Dios,alimentador,San Juan de Dios,36.331520080566406,11.458755493164062,70.06057739257812,6.0,800.0,0.045414400100708005,Asientos,6.0,chronos,abordar
2025-12-09 14:00:00,San Juan de Dios,alimentador,San Juan de Dios,43.53369140625,15.535358428955078,80.66273498535156,6.0,800.0,0.0544171142578125,Asientos,6.0,chronos,abordar
2025-12-09 15:00:00,San Juan de Dios,alimentador,San Juan de Dios,46.279273986816406,15.460403442382812,85.40546417236328,6.0,800.0,0.057849092483520506,Asientos,6.0,chronos,abordar
2025-12-09 16:00:00,San Juan de Dios,alimentador,San Juan de Dios,55.88461685180664,18.994586944580078,99.40413665771484,6.0,800.0,0.0698557710647583,Asientos,6.0,chronos,abordar
2025-12-09 17:00:00,San Juan de Dios,alimentador,San Juan de Dios,76.42549133300781,29.470434188842773,127.57666015625,6.0,800.0,0.09553186416625976,Asientos,6.0,chronos,abordar
2025-12-09 18:00:00,San Juan de Dios,alimentador,San Juan de Dios,135.54443359375,69.50209045410156,194.845458984375,6.0,800.0,0.1694305419921875,De_pie,6.6000000000000005,chronos,abordar
2025-12-09 19:00:00,San Juan de Dios,alimentador,San Juan de Dios,168.2206573486328,89.47357940673828,236.95985412597656,6.0,800.0,0.210275821685791,De_pie,6.6000000000000005,chronos,abordar
2025-12-09 20:00:00,San Juan de Dios,alimentador,San Juan de Dios,157.11764526367188,77.6712646484375,227.35279846191406,6.0,800.0,0.19639705657958983,De_pie,6.6000000000000005,chronos,abordar
2025-12-09 21:00:00,San Juan de Dios,alimentador,San Juan de Dios,123.02482604980469,57.13506317138672,186.95106506347656,6.0,800.0,0.15378103256225586,De_pie,6.6000000000000005,chronos,abordar
2025-12-09 22:00:00,San Juan de Dios,alimentador,San Juan de Dios,80.98501586914062,36.89694595336914,132.66094970703125,6.0,800.0,0.10123126983642577,Asientos,6.0,chronos,abordar
2025-12-09 23:00:00,San Juan de Dios,alimentador,San Juan de Dios,45.405906677246094,17.716041564941406,82.76907348632812,6.0,800.0,0.05675738334655762,Asientos,6.0,chronos,abordar
2025-12-09 00:00:00,Tahuantinsuyo,alimentador,Tahuantinsuyo,1.2087039947509766,0.0,9.038248062133789,6.0,800.0,0.0015108799934387207,Asientos,6.0,chronos,abordar
2025-12-09 01:00:00,Tahuantinsuyo,alimentador,Tahuantinsuyo,0.0,0.0,3.301158905029297,6.0,800.0,0.0,Asientos,6.0,chronos,abordar
2025-12-09 02:00:00,Tahuantinsuyo,alimentador,Tahuantinsuyo,0.0,0.0,2.771627426147461,6.0,800.0,0.0,Asientos,6.0,chronos,abordar
2025-12-09 03:00:00,Tahuantinsuyo,alimentador,Tahuantinsuyo,0.0,0.0,4.183649063110352,6.0,800.0,0.0,Asientos,6.0,chronos,abordar
2025-12-09 04:00:00,Tahuantinsuyo,alimentador,Tahuantinsuyo,0.0,0.0,13.828344345092773,6.0,800.0,0.0,Asientos,6.0,chronos,abordar
2025-12-09 05:00:00,Tahuantinsuyo,alimentador,Tahuantinsuyo,2.098611831665039,0.0,33.1090087890625,6.0,800.0,0.002623264789581299,Asientos,6.0,chronos,abordar
2025-12-09 06:00:00,Tahuantinsuyo,alimentador,Tahuantinsuyo,10.625442504882812,0.0,61.088104248046875,6.0,800.0,0.013281803131103515,Asientos,6.0,chronos,abordar
2025-12-09 07:00:00,Tahuantinsuyo,alimentador,Tahuantinsuyo,13.256772994995117,0.0,71.861572265625,6.0,800.0,0.016570966243743896,Asientos,6.0,chronos,abordar
2025-12-09 08:00:00,Tahuantinsuyo,alimentador,Tahuantinsuyo,6.627559661865234,0.0,61.61823272705078,6.0,800.0,0.008284449577331543,Asientos,6.0,chronos,abordar
2025-12-09 09:00:00,Tahuantinsuyo,alimentador,Tahuantinsuyo,3.008838653564453,0.0,51.46492004394531,6.0,800.0,0.0037610483169555663,Asientos,6.0,chronos,abordar
2025-12-09 10:00:00,Tahuantinsuyo,alimentador,Tahuantinsuyo,1.0342178344726562,0.0,44.29694747924805,6.0,800.0,0.0012927722930908203,Asientos,6.0,chronos,abordar
2025-12-09 11:00:00,Tahuantinsuyo,alimentador,Tahuantinsuyo,1.289764404296875,0.0,45.878578186035156,6.0,800.0,0.0016122055053710937,Asientos,6.0,chronos,abordar
2025-12-09 12:00:00,Tahuantinsuyo,alimentador,Tahuantinsuyo,4.859066009521484,0.0,53.60529327392578,6.0,800.0,0.0060738325119018555,Asientos,6.0,chronos,abordar
2025-12-09 13:00:00,Tahuantinsuyo,alimentador,Tahuantinsuyo,10.158638000488281,0.0,62.95307922363281,6.0,800.0,0.01269829750061035,Asientos,6.0,chronos,abordar
2025-12-09 14:00:00,Tahuantinsuyo,alimentador,Tahuantinsuyo,9.484949111938477,0.0,64.64635467529297,6.0,800.0,0.011856186389923095,Asientos,6.0,chronos,abordar
2025-12-09 15:00:00,Tahuantinsuyo,alimentador,Tahuantinsuyo,9.342596054077148,0.0,65.43673706054688,6.0,800.0,0.011678245067596436,Asientos,6.0,chronos,abordar
2025-12-09 16:00:00,Tahuantinsuyo,alimentador,Tahuantinsuyo,16.033971786499023,0.0,77.23356628417969,6.0,800.0,0.02004246473312378,Asientos,6.0,chronos,abordar
2025-12-09 17:00:00,Tahuantinsuyo,alimentador,Tahuantinsuyo,33.85178756713867,2.6108150482177734,103.9154052734375,6.0,800.0,0.042314734458923337,Asientos,6.0,chronos,abordar
2025-12-09 18:00:00,Tahuantinsuyo,alimentador,Tahuantinsuyo,40.24654769897461,0.0,114.83909606933594,6.0,800.0,0.05030818462371826,Asientos,6.0,chronos,abordar
2025-12-09 19:00:00,Tahuantinsuyo,alimentador,Tahuantinsuyo,42.162879943847656,0.0,117.13703918457031,6.0,800.0,0.05270359992980957,Asientos,6.0,chronos,abordar
2025-12-09 20:00:00,Tahuantinsuyo,alimentador,Tahuantinsuyo,39.697349548339844,0.0,110.38192749023438,6.0,800.0,0.049621686935424805,Asientos,6.0,chronos,abordar
2025-12-09 21:00:00,Tahuantinsuyo,alimentador,Tahuantinsuyo,33.955387115478516,0.3801536560058594,95.86903381347656,6.0,800.0,0.04244423389434814,Asientos,6.0,chronos,abordar
2025-12-09 22:00:00,Tahuantinsuyo,alimentador,Tahuantinsuyo,24.376850128173828,2.0279006958007812,72.44070434570312,6.0,800.0,0.030471062660217284,Asientos,6.0,chronos,abordar
2025-12-09 23:00:00,Tahuantinsuyo,alimentador,Tahuantinsuyo,11.498043060302734,0.0,44.140140533447266,6.0,800.0,0.014372553825378418,Asientos,6.0,chronos,abordar
2025-12-09 00:00:00,Torre Blanca,alimentador,Torre Blanca,0.0,0.0,4.055061340332031,6.0,800.0,0.0,Asientos,6.0,chronos,abordar
2025-12-09 01:00:00,Torre Blanca,alimentador,Torre Blanca,0.0,0.0,3.1592254638671875,6.0,800.0,0.0,Asientos,6.0,chronos,abordar
2025-12-09 02:00:00,Torre Blanca,alimentador,Torre Blanca,0.4384727478027344,0.0,3.478546142578125,6.0,800.0,0.000548090934753418,Asientos,6.0,chronos,abordar
2025-12-09 03:00:00,Torre Blanca,alimentador,Torre Blanca,0.0,0.0,2.3483057022094727,6.0,800.0,0.0,Asientos,6.0,chronos,abordar
2025-12-09 04:00:00,Torre Blanca,alimentador,Torre Blanca,0.001857757568359375,0.0,6.174160957336426,6.0,800.0,2.322196960449219e-06,Asientos,6.0,chronos,abordar
2025-12-09 05:00:00,Torre Blanca,alimentador,Torre Blanca,12.162956237792969,4.108030319213867,23.733041763305664,6.0,800.0,0.01520369529724121,Asientos,6.0,chronos,abordar
2025-12-09 06:00:00,Torre Blanca,alimentador,Torre Blanca,23.208406448364258,9.433197021484375,41.163673400878906,6.0,800.0,0.029010508060455322,Asientos,6.0,chronos,abordar
2025-12-09 07:00:00,Torre Blanca,alimentador,Torre Blanca,17.339862823486328,6.305357933044434,33.93882751464844,6.0,800.0,0.021674828529357912,Asientos,6.0,chronos,abordar
2025-12-09 08:00:00,Torre Blanca,alimentador,Torre Blanca,8.518289566040039,1.7775020599365234,21.66948699951172,6.0,800.0,0.01064786195755005,Asientos,6.0,chronos,abordar
2025-12-09 09:00:00,Torre Blanca,alimentador,Torre Blanca,3.9052162170410156,0.1629657745361328,14.225931167602539,6.0,800.0,0.00488152027130127,Asientos,6.0,chronos,abordar
2025-12-09 10:00:00,Torre Blanca,alimentador,Torre Blanca,2.601144790649414,0.0,11.122745513916016,6.0,800.0,0.0032514309883117675,Asientos,6.0,chronos,abordar
2025-12-09 11:00:00,Torre Blanca,alimentador,Torre Blanca,2.4245681762695312,0.0,10.294239044189453,6.0,800.0,0.003030710220336914,Asientos,6.0,chronos,abordar
2025-12-09 12:00:00,Torre Blanca,alimentador,Torre Blanca,2.146150588989258,0.0,10.501270294189453,6.0,800.0,0.0026826882362365723,Asientos,6.0,chronos,abordar
2025-12-09 13:00:00,Torre Blanca,alimentador,Torre Blanca,2.708498001098633,0.0,12.089300155639648,6.0,800.0,0.003385622501373291,Asientos,6.0,chronos,abordar
2025-12-09 14:00:00,Torre Blanca,alimentador,Torre Blanca,3.203291893005371,0.0,14.218676567077637,6.0,800.0,0.0040041148662567135,Asientos,6.0,chronos,abordar
2025-12-09 15:00:00,Torre Blanca,alimentador,Torre Blanca,4.010649681091309,0.0,17.802186965942383,6.0,800.0,0.005013312101364136,Asientos,6.0,chronos,abordar
2025-12-09 16:00:00,Torre Blanca,alimentador,Torre Blanca,4.884681701660156,0.0,23.97361946105957,6.0,800.0,0.006105852127075195,Asientos,6.0,chronos,abordar
2025-12-09 17:00:00,Torre Blanca,alimentador,Torre Blanca,15.058359146118164,0.0,43.552711486816406,6.0,800.0,0.018822948932647705,Asientos,6.0,chronos,abordar
2025-12-09 18:00:00,Torre Blanca,alimentador,Torre Blanca,32.823177337646484,3.622406005859375,72.6867904663086,6.0,800.0,0.04102897167205811,Asientos,6.0,chronos,abordar
2025-12-09 19:00:00,Torre Blanca,alimentador,Torre Blanca,54.66010284423828,13.980545043945312,102.99808502197266,6.0,800.0,0.06832512855529785,Asientos,6.0,chronos,abordar
2025-12-09 20:00:00,Torre Blanca,alimentador,Torre Blanca,54.014530181884766,14.11780834197998,102.86127471923828,6.0,800.0,0.06751816272735596,Asientos,6.0,chronos,abordar
2025-12-09 21:00:00,Torre Blanca,alimentador,Torre Blanca,31.008983612060547,3.657978057861328,71.35710144042969,6.0,800.0,0.038761229515075685,Asientos,6.0,chronos,abordar
2025-12-09 22:00:00,Torre Blanca,alimentador,Torre Blanca,13.876002311706543,0.033355712890625,40.45220184326172,6.0,800.0,0.017345002889633178,Asientos,6.0,chronos,abordar
2025-12-09 23:00:00,Torre Blanca,alimentador,Torre Blanca,5.3447771072387695,0.0,21.023061752319336,6.0,800.0,0.006680971384048462,Asientos,6.0,chronos,abordar
2025-12-09 00:00:00,Trapiche,alimentador,Trapiche,0.0,0.0,3.265430450439453,6.0,800.0,0.0,Asientos,6.0,chronos,abordar
2025-12-09 01:00:00,Trapiche,alimentador,Trapiche,0.0,0.0,2.543855667114258,6.0,800.0,0.0,Asientos,6.0,chronos,abordar
2025-12-09 02:00:00,Trapiche,alimentador,Trapiche,0.0,0.0,2.5168704986572266,6.0,800.0,0.0,Asientos,6.0,chronos,abordar
2025-12-09 03:00:00,Trapiche,alimentador,Trapiche,0.0,0.0,2.408299446105957,6.0,800.0,0.0,Asientos,6.0,chronos,abordar
2025-12-09 04:00:00,Trapiche,alimentador,Trapiche,0.16237640380859375,0.0,10.646197319030762,6.0,800.0,0.0002029705047607422,Asientos,6.0,chronos,abordar
2025-12-09 05:00:00,Trapiche,alimentador,Trapiche,24.16079330444336,7.631597518920898,45.27083969116211,6.0,800.0,0.0302009916305542,Asientos,6.0,chronos,abordar
2025-12-09 06:00:00,Trapiche,alimentador,Trapiche,56.88381576538086,24.815061569213867,90.22181701660156,6.0,800.0,0.07110476970672608,Asientos,6.0,chronos,abordar
2025-12-09 07:00:00,Trapiche,alimentador,Trapiche,55.154197692871094,22.41897964477539,88.06398010253906,6.0,800.0,0.06894274711608887,Asientos,6.0,chronos,abordar
2025-12-09 08:00:00,Trapiche,alimentador,Trapiche,24.152462005615234,3.2383193969726562,49.6903076171875,6.0,800.0,0.030190577507019044,Asientos,6.0,chronos,abordar
2025-12-09 09:00:00,Trapiche,alimentador,Trapiche,11.483137130737305,0.1413421630859375,28.378314971923828,6.0,800.0,0.01435392141342163,Asientos,6.0,chronos,abordar
2025-12-09 10:00:00,Trapiche,alimentador,Trapiche,4.882783889770508,0.0,16.4779109954834,6.0,800.0,0.006103479862213134,Asientos,6.0,chronos,abordar
2025-12-09 11:00:00,Trapiche,alimentador,Trapiche,4.793608665466309,0.0,14.911297798156738,6.0,800.0,0.005992010831832885,Asientos,6.0,chronos,abordar
2025-12-09 12:00:00,Trapiche,alimentador,Trapiche,4.981011390686035,0.0,14.843826293945312,6.0,800.0,0.006226264238357544,Asientos,6.0,chronos,abordar
2025-12-09 13:00:00,Trapiche,alimentador,Trapiche,3.7977895736694336,0.0,13.38071060180664,6.0,800.0,0.004747236967086792,Asientos,6.0,chronos,abordar
2025-12-09 14:00:00,Trapiche,alimentador,Trapiche,2.899568557739258,0.0,12.365930557250977,6.0,800.0,0.0036244606971740723,Asientos,6.0,chronos,abordar
2025-12-09 15:00:00,Trapiche,alimentador,Trapiche,4.397487640380859,0.0,15.763826370239258,6.0,800.0,0.005496859550476074,Asientos,6.0,chronos,abordar
2025-12-09 16:00:00,Trapiche,alimentador,Trapiche,6.644908905029297,0.0,21.25951385498047,6.0,800.0,0.008306136131286621,Asientos,6.0,chronos,abordar
2025-12-09 17:00:00,Trapiche,alimentador,Trapiche,12.574182510375977,0.3024005889892578,33.52825164794922,6.0,800.0,0.01571772813796997,Asientos,6.0,chronos,abordar
2025-12-09 18:00:00,Trapiche,alimentador,Trapiche,22.876052856445312,2.5884790420532227,51.21869659423828,6.0,800.0,0.02859506607055664,Asientos,6.0,chronos,abordar
2025-12-09 19:00:00,Trapiche,alimentador,Trapiche,37.98675537109375,9.388275146484375,73.36070251464844,6.0,800.0,0.04748344421386719,Asientos,6.0,chronos,abordar
2025-12-09 20:00:00,Trapiche,alimentador,Trapiche,33.642539978027344,6.557207107543945,69.07551574707031,6.0,800.0,0.04205317497253418,Asientos,6.0,chronos,abordar
2025-12-09 21:00:00,Trapiche,alimentador,Trapiche,20.571884155273438,1.1860904693603516,50.10795593261719,6.0,800.0,0.025714855194091796,Asientos,6.0,chronos,abordar
2025-12-09 22:00:00,Trapiche,alimentador,Trapiche,11.29440689086914,0.0,32.1175422668457,6.0,800.0,0.014118008613586426,Asientos,6.0,chronos,abordar
2025-12-09 23:00:00,Trapiche,alimentador,Trapiche,4.735965728759766,0.0,17.84952163696289,6.0,800.0,0.005919957160949707,Asientos,6.0,chronos,abordar
2025-12-09 00:00:00,Universitaria,alimentador,Universitaria,0.0,0.0,4.1246795654296875,6.0,800.0,0.0,Asientos,6.0,chronos,abordar
2025-12-09 01:00:00,Universitaria,alimentador,Universitaria,0.0,0.0,5.489444732666016,6.0,800.0,0.0,Asientos,6.0,chronos,abordar
2025-12-09 02:00:00,Universitaria,alimentador,Universitaria,0.0,0.0,6.292976379394531,6.0,800.0,0.0,Asientos,6.0,chronos,abordar
2025-12-09 03:00:00,Universitaria,alimentador,Universitaria,0.0,0.0,4.8103790283203125,6.0,800.0,0.0,Asientos,6.0,chronos,abordar
2025-12-09 04:00:00,Universitaria,alimentador,Universitaria,1.9387092590332031,0.0,21.0823974609375,6.0,800.0,0.002423386573791504,Asientos,6.0,chronos,abordar
2025-12-09 05:00:00,Universitaria,alimentador,Universitaria,39.92931365966797,11.21059799194336,76.25916290283203,6.0,800.0,0.04991164207458496,Asientos,6.0,chronos,abordar
2025-12-09 06:00:00,Universitaria,alimentador,Universitaria,114.66252136230469,55.63471221923828,172.6290283203125,6.0,800.0,0.14332815170288085,De_pie,6.6000000000000005,chronos,abordar
2025-12-09 07:00:00,Universitaria,alimentador,Universitaria,103.15122985839844,46.946571350097656,161.43846130371094,6.0,800.0,0.12893903732299805,De_pie,6.6000000000000005,chronos,abordar
2025-12-09 08:00:00,Universitaria,alimentador,Universitaria,60.20477294921875,17.765064239501953,112.9341049194336,6.0,800.0,0.07525596618652344,Asientos,6.0,chronos,abordar
2025-12-09 09:00:00,Universitaria,alimentador,Universitaria,38.75139617919922,6.295562744140625,84.01021575927734,6.0,800.0,0.048439245223999026,Asientos,6.0,chronos,abordar
2025-12-09 10:00:00,Universitaria,alimentador,Universitaria,25.384380340576172,0.0,67.49663543701172,6.0,800.0,0.03173047542572022,Asientos,6.0,chronos,abordar
2025-12-09 11:00:00,Universitaria,alimentador,Universitaria,25.521390914916992,0.0,67.1861801147461,6.0,800.0,0.03190173864364624,Asientos,6.0,chronos,abordar
2025-12-09 12:00:00,Universitaria,alimentador,Universitaria,29.959617614746094,0.0,74.93943786621094,6.0,800.0,0.037449522018432616,Asientos,6.0,chronos,abordar
2025-12-09 13:00:00,Universitaria,alimentador,Universitaria,35.73291778564453,0.0,84.51983642578125,6.0,800.0,0.04466614723205566,Asientos,6.0,chronos,abordar
2025-12-09 14:00:00,Universitaria,alimentador,Universitaria,34.87434005737305,0.38904571533203125,85.12683868408203,6.0,800.0,0.04359292507171631,Asientos,6.0,chronos,abordar
2025-12-09 15:00:00,Universitaria,alimentador,Universitaria,32.39809036254883,0.8668632507324219,84.62893676757812,6.0,800.0,0.04049761295318603,Asientos,6.0,chronos,abordar
2025-12-09 16:00:00,Universitaria,alimentador,Universitaria,32.275367736816406,0.0,90.62821960449219,6.0,800.0,0.04034420967102051,Asientos,6.0,chronos,abordar
2025-12-09 17:00:00,Universitaria,alimentador,Universitaria,34.88703155517578,0.0,103.05194091796875,6.0,800.0,0.043608789443969724,Asientos,6.0,chronos,abordar
2025-12-09 18:00:00,Universitaria,alimentador,Universitaria,41.0521240234375,0.0,120.70835876464844,6.0,800.0,0.05131515502929687,Asientos,6.0,chronos,abordar
2025-12-09 19:00:00,Universitaria,alimentador,Universitaria,44.64890670776367,0.0,128.9779510498047,6.0,800.0,0.055811133384704587,Asientos,6.0,chronos,abordar
2025-12-09 20:00:00,Universitaria,alimentador,Universitaria,36.19329071044922,0.0,113.66166687011719,6.0,800.0,0.04524161338806152,Asientos,6.0,chronos,abordar
2025-12-09 21:00:00,Universitaria,alimentador,Universitaria,20.762508392333984,0.0,86.25508117675781,6.0,800.0,0.02595313549041748,Asientos,6.0,chronos,abordar
2025-12-09 22:00:00,Universitaria,alimentador,Universitaria,6.345249176025391,0.0,56.02389907836914,6.0,800.0,0.007931561470031738,Asientos,6.0,chronos,abordar
2025-12-09 23:00:00,Universitaria,alimentador,Universitaria,0.0,0.0,31.086877822875977,6.0,800.0,0.0,Asientos,6.0,chronos,abordar
2025-12-09 00:00:00,Villa El Salvador,alimentador,Villa El Salvador,0.0,0.0,3.364044189453125,6.0,800.0,0.0,Asientos,6.0,chronos,abordar
2025-12-09 01:00:00,Villa El Salvador,alimentador,Villa El Salvador,0.0,0.0,0.0,6.0,800.0,0.0,Asientos,6.0,chronos,abordar
2025-12-09 02:00:00,Villa El Salvador,alimentador,Villa El Salvador,0.0,0.0,9.437835693359375,6.0,800.0,0.0,Asientos,6.0,chronos,abordar
2025-12-09 03:00:00,Villa El Salvador,alimentador,Villa El Salvador,0.0,0.0,18.17462158203125,6.0,800.0,0.0,Asientos,6.0,chronos,abordar
2025-12-09 04:00:00,Villa El Salvador,alimentador,Villa El Salvador,0.0,0.0,64.2957763671875,6.0,800.0,0.0,Asientos,6.0,chronos,abordar
2025-12-09 05:00:00,Villa El Salvador,alimentador,Villa El Salvador,268.7654113769531,125.32478332519531,392.046630859375,6.0,800.0,0.3359567642211914,De_pie,6.6000000000000005,chronos,abordar
2025-12-09 06:00:00,Villa El Salvador,alimentador,Villa El Salvador,880.2937622070312,598.5093994140625,1062.87158203125,6.0,800.0,1.100367202758789,Saturado,7.800000000000001,chronos,cambiar_paradero
2025-12-09 07:00:00,Villa El Salvador,alimentador,Villa El Salvador,966.3494873046875,681.7047119140625,1139.2015380859375,6.0,800.0,1.2079368591308595,Saturado,7.800000000000001,chronos,cambiar_paradero
2025-12-09 08:00:00,Villa El Salvador,alimentador,Villa El Salvador,660.423828125,430.6679992675781,812.0604248046875,6.0,800.0,0.82552978515625,Saturado,7.800000000000001,chronos,cambiar_paradero
2025-12-09 09:00:00,Villa El Salvador,alimentador,Villa El Salvador,530.169921875,331.8879089355469,669.300537109375,6.0,800.0,0.66271240234375,Saturado,7.800000000000001,chronos,cambiar_paradero
2025-12-09 10:00:00,Villa El Salvador,alimentador,Villa El Salvador,433.5003662109375,263.7907409667969,579.1275024414062,6.0,800.0,0.5418754577636719,Saturado,7.800000000000001,chronos,cambiar_paradero
2025-12-09 11:00:00,Villa El Salvador,alimentador,Villa El Salvador,394.0342712402344,242.45257568359375,538.819091796875,6.0,800.0,0.49254283905029295,Saturado,7.800000000000001,chronos,cambiar_paradero
2025-12-09 12:00:00,Villa El Salvador,alimentador,Villa El Salvador,424.4107666015625,269.27685546875,575.2064208984375,6.0,800.0,0.5305134582519532,Saturado,7.800000000000001,chronos,cambiar_paradero
2025-12-09 13:00:00,Villa El Salvador,alimentador,Villa El Salvador,436.1809997558594,277.2461242675781,594.859130859375,6.0,800.0,0.5452262496948242,Saturado,7.800000000000001,chronos,cambiar_paradero
2025-12-09 14:00:00,Villa El Salvador,alimentador,Villa El Salvador,359.7942810058594,221.1417236328125,501.9262390136719,6.0,800.0,0.4497428512573242,Saturado,7.800000000000001,chronos,cambiar_paradero
2025-12-09 15:00:00,Villa El Salvador,alimentador,Villa El Salvador,375.5137939453125,235.03660583496094,518.106689453125,6.0,800.0,0.4693922424316406,Saturado,7.800000000000001,chronos,cambiar_paradero
2025-12-09 16:00:00,Villa El Salvador,alimentador,Villa El Salvador,513.7080078125,332.3895263671875,675.7914428710938,6.0,800.0,0.642135009765625,Saturado,7.800000000000001,chronos,cambiar_paradero
2025-12-09 17:00:00,Villa El Salvador,alimentador,Villa El Salvador,817.62255859375,577.5614624023438,998.5531616210938,6.0,800.0,1.0220281982421875,Saturado,7.800000000000001,chronos,cambiar_paradero
2025-12-09 18:00:00,Villa El Salvador,alimentador,Villa El Salvador,862.20849609375,626.4742431640625,1038.85595703125,6.0,800.0,1.0777606201171874,Saturado,7.800000000000001,chronos,cambiar_paradero
2025-12-09 19:00:00,Villa El Salvador,alimentador,Villa El Salvador,773.1406860351562,551.9119873046875,945.9948120117188,6.0,800.0,0.9664258575439453,Saturado,7.800000000000001,chronos,cambiar_paradero
2025-12-09 20:00:00,Villa El Salvador,alimentador,Villa El Salvador,570.6734619140625,380.1485290527344,726.294921875,6.0,800.0,0.7133418273925781,Saturado,7.800000000000001,chronos,cambiar_paradero
2025-12-09 21:00:00,Villa El Salvador,alimentador,Villa El Salvador,397.3655700683594,250.394775390625,530.126953125,6.0,800.0,0.4967069625854492,Saturado,7.800000000000001,chronos,esperar_siguiente
2025-12-09 22:00:00,Villa El Salvador,alimentador,Villa El Salvador,251.02294921875,140.56419372558594,365.8690185546875,6.0,800.0,0.3137786865234375,De_pie,6.6000000000000005,chronos,abordar
2025-12-09 23:00:00,Villa El Salvador,alimentador,Villa El Salvador,92.72177124023438,23.110748291015625,173.0692596435547,6.0,800.0,0.11590221405029297,Asientos,6.0,chronos,abordar
