Estacion,Latitud,Longitud,Ubicacion,Troncal,Fase,Cap_ART,Cap_BIART,Fecha,Hora,Linea,Tipo_Dia,Validaciones
(02303) Calle 85 - GATO DUMAS,4.672312786740467,-74.05964363107933,CL 85,Autopista Norte,FASE I,200.0,120.0,2026-08-09,21,(33) Zona B AutoNorte,Dia 2,33
(12003) Ricaurte,4.612680959785939,-74.09009249415548,CL 13 - KR 28,Americas,FASE II,192.0,120.0,2026-07-05,14,(39) Zona F Calle 13,Dia 2,91
(06100) Av. Rojas – UNISALESIANA,4.661944439127925,-74.10877199870127,CL 26 - KR 69 D,Calle 26,FASE III,200.0,120.0,2026-07-05,14,(11) Zona K Calle 26,Dia 2,140
(09129) Temporal Calle 22,,,,,,,,2026-07-17,13,(36) Zona A Caracas,Dia 1,293
(02204) Pepe Sierra Universidad UTEL,4.698126889760766,-74.05530879980195,CL 116,Autopista Norte,FASE I,128.0,72.0,2026-08-12,09,(33) Zona B AutoNorte,Dia 1,342
(07201) Guatoque -Veraguas,4.604034291395541,-74.0947495897,KR 27,NQS Central,FASE III,132.0,108.0,2026-07-02,20,(38) Zona E NQS Central,Dia 1,79
(04101) Minuto de Dios,4.696881601543901,-74.09193284888886,KR 73 A,Calle 80,FASE I,152.0,144.0,2026-08-26,05,(35) Zona D Calle 80,Dia 1,269
(04102) Avenida Boyaca,4.693553929576481,-74.08675371760854,TV 69 Bis,Calle 80,FASE I,160.0,144.0,2026-07-26,19,(35) Zona D Calle 80,Dia 2,535
(05105) Pradera – Plaza Central,4.628506463940081,-74.11867713273622,AV Americas - KR 64,Americas,FASE II,128.0,72.0,2026-07-06,16,(31) Zona F Av. Américas,Dia 1,1391
(02102) Calle 161,4.741915299191302,-74.04800034951191,CL 160,Autopista Norte,FASE I,96.0,0.0,2026-08-19,21,(33) Zona B AutoNorte,Dia 1,15
(07107) U. NACIONAL,4.63712104779828,-74.07932617980647,KR 30 - CL 45,NQS Central,FASE II,232.0,180.0,2026-08-28,09,(38) Zona E NQS Central,Dia 1,432
(04104) Avenida 68,4.686100882846748,-74.08076896014731,KR 68D,Calle 80,FASE I,152.0,144.0,2026-08-22,16,(35) Zona D Calle 80,Dia 1,452
(12000) Puente Aranda,4.625669742217356,-74.10463943333943,CL 13 KR 47,Americas,FASE II,120.0,48.0,2026-08-09,20,(39) Zona F Calle 13,Dia 2,8
(12002) CDS - Carrera 32,4.616136161567741,-74.09394954026446,AV Americas - KR 32,Americas,FASE II,120.0,48.0,2026-08-27,05,(39) Zona F Calle 13,Dia 1,53
(05102) Av. Américas - Av. Boyacá,4.630117798427176,-74.13422457070207,AV Americas - KR 71,Americas,FASE II,152.0,120.0,2026-08-23,15,(31) Zona F Av. Américas,Dia 2,92
(02201) Prado,4.714558425952716,-74.0525582922202,CL 128 B,Autopista Norte,FASE I,176.0,72.0,2026-09-01,05,(33) Zona B AutoNorte,Dia 1,287
(08002) Biblioteca,4.57030351923882,-74.1303886787077,CL 48A Sur,Caracas Sur,FASE I,36.0,24.0,2026-08-23,16,(34) Zona H Caracas Sur,Dia 2,108
(07201) Guatoque -Veraguas,4.604034291395541,-74.0947495897,KR 27,NQS Central,FASE III,132.0,108.0,2026-07-12,20,(38) Zona E NQS Central,Dia 2,11
(09002) Consuelo,4.5600935055591,-74.12381078699146,KR 11A - KR 10C,Caracas Sur,FASE I,120.0,72.0,2026-07-30,16,(34) Zona H Caracas Sur,Dia 1,53
(07007) Cl38A sur - CENTRO MAYOR,4.593809438726154,-74.123755076579,Autosur - KR 39A,NQS Sur,FASE II,140.0,72.0,2026-07-18,23,(30) Zona G NQS Sur,Dia 1,4
(02103) Mazurén,4.734588554219222,-74.04922623638949,CL 152,Autopista Norte,FASE I,176.0,72.0,2026-08-02,21,(33) Zona B AutoNorte,Dia 2,26
(05102) Av. Américas - Av. Boyacá,4.630117798427176,-74.13422457070207,AV Americas - KR 71,Americas,FASE II,152.0,120.0,2026-08-30,08,(31) Zona F Av. Américas,Dia 2,82
(04003) Avenida Ciudad de Cali,4.702211226918516,-74.09993048407954,KR 86,Calle 80,FASE I,160.0,144.0,2026-07-24,20,(35) Zona D Calle 80,Dia 1,89
(09105) Río Fucha,4.582863533953761,-74.09959636956023,CL 13 Sur - CL 16 Sur,Caracas Sur,FASE I,96.0,48.0,2026-07-21,09,(34) Zona H Caracas Sur,Dia 1,268
(12001) Carrera 43 - COMAPAN,4.62278153734826,-74.10143787790989,AV Americas - KR 43,Americas,FASE II,120.0,48.0,2026-08-16,11,(39) Zona F Calle 13,Dia 2,24
(07002) MADELENA,4.596280940258974,-74.15688105483866,Autosur - KR 67,NQS Sur,FASE II,132.0,72.0,2026-07-01,16,(30) Zona G NQS Sur,Dia 1,259
(03011) SUBA - CALLE 100,4.686664075105651,-74.06430481905278,AV Suba - CL 100,Suba,FASE II,160.0,144.0,2026-08-31,19,(32) Zona C Av. Suba,Dia 1,447
(03013) RIO NEGRO,4.680351057056148,-74.06481662477188,AV Suba - CL 87,Suba,FASE II,96.0,48.0,2026-07-12,16,(32) Zona C Av. Suba,Dia 2,64
(02300) Calle 100 - Marketmedios,4.683949437564952,-74.05771229681588,CL 97,Autopista Norte,FASE I,224.0,168.0,2026-09-04,19,(33) Zona B AutoNorte,Dia 1,2329
(05100) Banderas P. Central,4.631294536922991,-74.1457699625961,AV Americas - KR 78,Americas,FASE II,320.0,288.0,2026-07-12,16,(31) Zona F Av. Américas,Dia 2,403
(05002) Tintal,4.638263789456411,-74.15895645390489,AV Cali - CL 26 Sur,Americas,FASE II,160.0,144.0,2026-07-30,07,(31) Zona F Av. Américas,Dia 1,3021
(06108) Concejo de Bogotá,4.625987365683597,-74.08028965895312,CL 38,Calle 26,FASE III,140.0,120.0,2026-07-22,22,(11) Zona K Calle 26,Dia 1,1
(03004) GRATAMIRA,4.727455840781251,-74.07472333854827,AV Suba - CL 135,Suba,FASE II,96.0,48.0,2026-07-19,04,(32) Zona C Av. Suba,Dia 2,1
(10006) SAN VICTORINO - NEOS CENTRO,4.601029434184011,-74.07742242431827,KR 10 - CL 12,Carrera 10,FASE III,216.0,168.0,2026-08-20,17,(12) Zona L Carrera 10,Dia 1,3849
(10002) Av. Primero de Mayo,4.576939314363686,-74.0937094048318,AV 1 De Mayo Con KR 7,Carrera 10,FASE III,216.0,168.0,2026-07-26,06,(12) Zona L Carrera 10,Dia 2,551
(12004) Carrera 22,4.609735205577463,-74.0867947813114,AV Americas - KR 22,Americas,FASE II,152.0,120.0,2026-07-18,09,(39) Zona F Calle 13,Dia 1,93
(07113) SANTA ISABEL,4.601487676868069,-74.10284554081562,KR 30 AV 3,NQS Sur,FASE II,144.0,96.0,2026-08-30,05,(30) Zona G NQS Sur,Dia 2,79
(10004) Policarpa,4.586115815512399,-74.08701653918725,KR 10 - CL 3 Sur,Carrera 10,FASE III,144.0,120.0,2026-08-02,21,(12) Zona L Carrera 10,Dia 2,10
(07004) VENECIA,4.595541119557523,-74.1428626037974,Autosur - AV 54,NQS Sur,FASE II,132.0,72.0,2026-07-30,23,(30) Zona G NQS Sur,Dia 1,1
(02103) Mazurén,4.734588554219222,-74.04922623638949,CL 152,Autopista Norte,FASE I,176.0,72.0,2026-08-03,19,(33) Zona B AutoNorte,Dia 1,273
(03011) SUBA - CALLE 100,4.686664075105651,-74.06430481905278,AV Suba - CL 100,Suba,FASE II,160.0,144.0,2026-08-29,13,(32) Zona C Av. Suba,Dia 1,398
(02300) Calle 100 - Marketmedios,4.683949437564952,-74.05771229681588,CL 97,Autopista Norte,FASE I,224.0,168.0,2026-07-14,09,(33) Zona B AutoNorte,Dia 1,1482
(12003) Ricaurte,4.612680959785939,-74.09009249415548,CL 13 - KR 28,Americas,FASE II,192.0,120.0,2026-08-05,13,(39) Zona F Calle 13,Dia 1,264
(14005) Las Aguas - Centro Colombo Americano,4.602579756576608,-74.06840143842119,KR 3,Eje Ambiental,FASE I,72.0,48.0,2026-08-02,06,(37) Zona J Eje Ambiental,Dia 2,58
(09104) Restrepo,4.581849057280713,-74.10142878243313,CL 19 Sur - AV 1 De M,Caracas Sur,FASE I,128.0,72.0,2026-08-31,19,(34) Zona H Caracas Sur,Dia 1,695
(03013) RIO NEGRO,4.680351057056148,-74.06481662477188,AV Suba - CL 87,Suba,FASE II,96.0,48.0,2026-07-16,18,(32) Zona C Av. Suba,Dia 1,586
(02205) Calle 106 - Explora Maletas,4.692982600439019,-74.05618243307303,CL 106,Autopista Norte,FASE I,128.0,120.0,2026-07-26,21,(33) Zona B AutoNorte,Dia 2,30
(03013) RIO NEGRO,4.680351057056148,-74.06481662477188,AV Suba - CL 87,Suba,FASE II,96.0,48.0,2026-08-14,05,(32) Zona C Av. Suba,Dia 1,43
(09128) Temporal AV Jimenez - Inter Electricas,,,,,,,,2026-08-30,15,(36) Zona A Caracas,Dia 2,754
(03006) NIZA - CALLE 127,4.712001231323956,-74.07230719784444,AV Suba - CL 127,Suba,FASE II,128.0,72.0,2026-07-16,10,(32) Zona C Av. Suba,Dia 1,400
(07000) Portal Sur JFK Coop. Financiera,4.596939945160861,-74.16929783953442,Autosur - KR 82,NQS Sur,FASE II,132.0,96.0,2026-07-16,20,(30) Zona G NQS Sur,Dia 1,224
(12004) Carrera 22,4.609735205577463,-74.0867947813114,AV Americas - KR 22,Americas,FASE II,152.0,120.0,2026-08-13,19,(39) Zona F Calle 13,Dia 1,418
(14001) La Sabana,4.605421100257434,-74.08189427103363,CL 13 - KR 16,Americas,FASE II,120.0,48.0,2026-08-12,10,(39) Zona F Calle 13,Dia 1,237
(06109) Centro Memoria,4.620464994750269,-74.07632059291059,KR 20,Calle 26,FASE III,140.0,120.0,2026-08-28,09,(11) Zona K Calle 26,Dia 1,199
(04100) Carrera 77,4.699150963155722,-74.09601773277603,KR 77 Bis,Calle 80,FASE I,248.0,144.0,2026-07-03,18,(35) Zona D Calle 80,Dia 1,251
(04101) Minuto de Dios,4.696881601543901,-74.09193284888886,KR 73 A,Calle 80,FASE I,152.0,144.0,2026-08-23,09,(35) Zona D Calle 80,Dia 2,78
(04108) Polo –  FINCOMERCIO,4.670162650409122,-74.06433866057165,TV 27,Calle 80,FASE I,192.0,168.0,2026-07-23,05,(35) Zona D Calle 80,Dia 1,60
(07103) AV. CHILE,4.666352641436107,-74.07457455288298,KR 30 - CL 72,NQS Central,FASE II,224.0,120.0,2026-08-09,14,(38) Zona E NQS Central,Dia 2,219
(03013) RIO NEGRO,4.680351057056148,-74.06481662477188,AV Suba - CL 87,Suba,FASE II,96.0,48.0,2026-08-14,13,(32) Zona C Av. Suba,Dia 1,225
(10007) Las Nieves,4.606065335057134,-74.07432674893896,KR 10 - CL 18,Carrera 10,FASE III,144.0,120.0,2026-07-12,14,(12) Zona L Carrera 10,Dia 2,326
(15001) Tibanica - Primavera,,,,,,,,2026-08-30,06,(42) Zona Z Av. Cali Sur,Dia 2,30
(07002) MADELENA,4.596280940258974,-74.15688105483866,Autosur - KR 67,NQS Sur,FASE II,132.0,72.0,2026-09-06,19,(30) Zona G NQS Sur,Dia 2,178
(03001) LA CAMPIÑA,4.742916929058509,-74.0915060498986,AV Suba - KR 98A,Suba,FASE II,208.0,144.0,2026-08-30,17,(32) Zona C Av. Suba,Dia 2,91
(07104) 7 de Agosto,4.657295279916713,-74.07768645941138,KR 30 - CL 63,NQS Central,FASE II,140.0,120.0,2026-07-14,04,(38) Zona E NQS Central,Dia 1,19
(05005) Transversal 86,4.634194653572966,-74.15206783620962,AV Americas - TV 86,Americas,FASE II,144.0,96.0,2026-08-23,04,(31) Zona F Av. Américas,Dia 2,31
(09106) Nariño,4.58628470770093,-74.09392541573067,CL 8 Sur - CL 11 Sur,Caracas Sur,FASE I,96.0,48.0,2026-07-05,05,(34) Zona H Caracas Sur,Dia 2,44
(14001) La Sabana,4.605421100257434,-74.08189427103363,CL 13 - KR 16,Americas,FASE II,120.0,48.0,2026-08-17,04,(39) Zona F Calle 13,Dia 1,1
(10001) Country Sur,4.571416733654898,-74.09863412542575,KR 10 - CL 28 Sur,Carrera 10,FASE III,144.0,120.0,2026-07-12,19,(12) Zona L Carrera 10,Dia 2,132
(06101) El Tiempo - Camara de Comercio de Bogota,4.6570670471491,-74.10564665978902,KR 68D,Calle 26,FASE III,120.0,120.0,2026-09-06,21,(11) Zona K Calle 26,Dia 2,74
(07005) ALQUERIA,4.594269934546364,-74.13426992732451,Autosur - KR 48,NQS Sur,FASE II,132.0,72.0,2026-08-30,12,(30) Zona G NQS Sur,Dia 2,180
(06000) Portal El Dorado - C.C. NUESTRO BOGOTA,4.681622028944145,-74.1213980169888,KR 87,Calle 26,FASE III,132.0,84.0,2026-07-19,18,(11) Zona K Calle 26,Dia 2,941
(03011) SUBA - CALLE 100,4.686664075105651,-74.06430481905278,AV Suba - CL 100,Suba,FASE II,160.0,144.0,2026-07-04,07,(32) Zona C Av. Suba,Dia 1,81
(05105) Pradera – Plaza Central,4.628506463940081,-74.11867713273622,AV Americas - KR 64,Americas,FASE II,128.0,72.0,2026-09-06,08,(31) Zona F Av. Américas,Dia 2,189
(10010) San Bernardo,4.590195556533074,-74.08432732198928,KR 10 - CL 1B Sur,Carrera 10,FASE III,144.0,120.0,2026-08-28,07,(12) Zona L Carrera 10,Dia 1,588
(07101) CASTELLANA,4.675611154981965,-74.06444316945309,KR 30 KR 24,NQS Central,FASE II,160.0,72.0,2026-07-12,18,(38) Zona E NQS Central,Dia 2,45
(07006) General Santander,4.593563621920067,-74.1302273362648,Autosur - KR 43,NQS Sur,FASE II,212.0,192.0,2026-08-23,08,(30) Zona G NQS Sur,Dia 2,204
(09110) AV Jimenez - Inter Electricas,4.600166621036774,-74.08232653412165,CL 13 - CL 11,Caracas,FASE I,192.0,96.0,2026-08-09,06,(36) Zona A Caracas,Dia 2,44
(03003) 21 ANGELES,4.73550811160933,-74.08098652277597,AV Suba - CL 136,Suba,FASE II,96.0,48.0,2026-07-13,16,(32) Zona C Av. Suba,Dia 1,61
(14005) Las Aguas - Centro Colombo Americano,4.602579756576608,-74.06840143842119,KR 3,Eje Ambiental,FASE I,72.0,48.0,2026-07-19,18,(37) Zona J Eje Ambiental,Dia 2,582
(04106) Carrera 47,4.677755746127176,-74.07325476094951,KR 46,Calle 80,FASE I,160.0,144.0,2026-07-19,11,(35) Zona D Calle 80,Dia 2,150
(02302) Virrey - Cendiatra,4.675997370862644,-74.05901951709693,CL 90,Autopista Norte,FASE I,208.0,144.0,2026-08-23,12,(33) Zona B AutoNorte,Dia 2,45
(07010) Bosa,4.596887946711874,-74.18122499859422,Soacha,NQS Sur,FASE II,152.0,120.0,2026-08-23,13,(30) Zona G NQS Sur,Dia 2,205
(02302) Virrey - Cendiatra,4.675997370862644,-74.05901951709693,CL 90,Autopista Norte,FASE I,208.0,144.0,2026-08-19,05,(33) Zona B AutoNorte,Dia 1,66
(07006) General Santander,4.593563621920067,-74.1302273362648,Autosur - KR 43,NQS Sur,FASE II,212.0,192.0,2026-07-03,09,(30) Zona G NQS Sur,Dia 1,377
(02300) Calle 100 - Marketmedios,4.683949437564952,-74.05771229681588,CL 97,Autopista Norte,FASE I,224.0,168.0,2026-08-13,18,(33) Zona B AutoNorte,Dia 1,5289
(05107) Américas - Cr.53,4.627850045092682,-74.11158410680022,Americas - KR 53A,Americas,FASE II,152.0,120.0,2026-07-26,07,(31) Zona F Av. Américas,Dia 2,51
(50008) Corral Portal Dorado,,,,,,,,2026-09-04,17,(11) Zona K Calle 26,Dia 1,1804
(04105) Carrera 53,4.681804753883138,-74.07742142136232,KR 53,Calle 80,FASE I,80.0,72.0,2026-07-08,17,(35) Zona D Calle 80,Dia 1,488
(10004) Policarpa,4.586115815512399,-74.08701653918725,KR 10 - CL 3 Sur,Carrera 10,FASE III,144.0,120.0,2026-08-15,11,(12) Zona L Carrera 10,Dia 1,184
(07003) SEVILLANA,4.595107262813356,-74.14741028754624,Sevillana,NQS Sur,FASE II,132.0,72.0,2026-07-19,11,(30) Zona G NQS Sur,Dia 2,138
(05002) Tintal,4.638263789456411,-74.15895645390489,AV Cali - CL 26 Sur,Americas,FASE II,160.0,144.0,2026-09-06,03,(31) Zona F Av. Américas,Dia 2,2
(02200) Alcalá – Colegio S. Tomás Dominicos,4.721158197762578,-74.05145916301784,CL 137,Autopista Norte,FASE I,224.0,168.0,2026-09-06,22,(33) Zona B AutoNorte,Dia 2,2
(08002) Biblioteca,4.57030351923882,-74.1303886787077,CL 48A Sur,Caracas Sur,FASE I,36.0,24.0,2026-08-09,08,(34) Zona H Caracas Sur,Dia 2,36
(07010) Bosa,4.596887946711874,-74.18122499859422,Soacha,NQS Sur,FASE II,152.0,120.0,2026-07-26,11,(30) Zona G NQS Sur,Dia 2,240
(03012) SUBA - CALLE 95,4.684694637263692,-74.06321827093115,AV Suba - CL 97,Suba,FASE II,96.0,48.0,2026-08-01,23,(32) Zona C Av. Suba,Dia 1,2
(02200) Alcalá – Colegio S. Tomás Dominicos,4.721158197762578,-74.05145916301784,CL 137,Autopista Norte,FASE I,224.0,168.0,2026-08-16,20,(33) Zona B AutoNorte,Dia 2,88
(07108) Av. El Dorado,4.630121524783391,-74.07995827950504,KR 30 AV 28,NQS Central,FASE II,140.0,120.0,2026-07-12,20,(38) Zona E NQS Central,Dia 2,69
(10005) Bicentenario,4.593315985687481,-74.08233056329063,KR 10 - CL 5,Carrera 10,FASE III,216.0,168.0,2026-07-23,07,(12) Zona L Carrera 10,Dia 1,306
(06107) Ciudad Universitaria - Loteria de Bogota,4.630875429616791,-74.08352723499065,KR 34,Calle 26,FASE III,140.0,120.0,2026-08-30,10,(11) Zona K Calle 26,Dia 2,88
(09107) Hortúa,4.590774624236426,-74.09030532494877,CL 1 Sur - CL 3 Sur,Caracas Sur,FASE I,120.0,72.0,2026-08-30,21,(34) Zona H Caracas Sur,Dia 2,8
