Estacion,Latitud,Longitud,Ubicacion,Troncal,Fase,Cap_ART,Cap_BIART,num_est,Frecuencia,Headway_Min,N_Rutas,Fecha,Hora,Linea,Tipo_Dia,Validaciones
(02000) Portal Norte - Unicervantes,4.754622860218019,-74.04604464924742,CL 173,Autopista Norte,FASE I,132.0,78.0,2000,93.0,0.65,16.0,2026-07-01,4,(33) Zona B AutoNorte,Dia 1,507
(02000) Portal Norte - Unicervantes,4.754622860218019,-74.04604464924742,CL 173,Autopista Norte,FASE I,132.0,78.0,2000,314.0,0.19,28.0,2026-07-01,5,(33) Zona B AutoNorte,Dia 1,3976
(02000) Portal Norte - Unicervantes,4.754622860218019,-74.04604464924742,CL 173,Autopista Norte,FASE I,132.0,78.0,2000,391.0,0.15,31.0,2026-07-01,6,(33) Zona B AutoNorte,Dia 1,8280
(02000) Portal Norte - Unicervantes,4.754622860218019,-74.04604464924742,CL 173,Autopista Norte,FASE I,132.0,78.0,2000,439.0,0.14,31.0,2026-07-01,7,(33) Zona B AutoNorte,Dia 1,8980
(02000) Portal Norte - Unicervantes,4.754622860218019,-74.04604464924742,CL 173,Autopista Norte,FASE I,132.0,78.0,2000,446.0,0.13,30.0,2026-07-01,8,(33) Zona B AutoNorte,Dia 1,5727
(02000) Portal Norte - Unicervantes,4.754622860218019,-74.04604464924742,CL 173,Autopista Norte,FASE I,132.0,78.0,2000,329.0,0.18,30.0,2026-07-01,9,(33) Zona B AutoNorte,Dia 1,3986
(02000) Portal Norte - Unicervantes,4.754622860218019,-74.04604464924742,CL 173,Autopista Norte,FASE I,132.0,78.0,2000,255.0,0.24,24.0,2026-07-01,10,(33) Zona B AutoNorte,Dia 1,3147
(02000) Portal Norte - Unicervantes,4.754622860218019,-74.04604464924742,CL 173,Autopista Norte,FASE I,132.0,78.0,2000,231.0,0.26,22.0,2026-07-01,11,(33) Zona B AutoNorte,Dia 1,3073
(02000) Portal Norte - Unicervantes,4.754622860218019,-74.04604464924742,CL 173,Autopista Norte,FASE I,132.0,78.0,2000,236.0,0.25,22.0,2026-07-01,12,(33) Zona B AutoNorte,Dia 1,2554
(02000) Portal Norte - Unicervantes,4.754622860218019,-74.04604464924742,CL 173,Autopista Norte,FASE I,132.0,78.0,2000,234.0,0.26,22.0,2026-07-01,13,(33) Zona B AutoNorte,Dia 1,2551
(02000) Portal Norte - Unicervantes,4.754622860218019,-74.04604464924742,CL 173,Autopista Norte,FASE I,132.0,78.0,2000,229.0,0.26,22.0,2026-07-01,14,(33) Zona B AutoNorte,Dia 1,2163
(02000) Portal Norte - Unicervantes,4.754622860218019,-74.04604464924742,CL 173,Autopista Norte,FASE I,132.0,78.0,2000,257.0,0.23,24.0,2026-07-01,15,(33) Zona B AutoNorte,Dia 1,2930
(02000) Portal Norte - Unicervantes,4.754622860218019,-74.04604464924742,CL 173,Autopista Norte,FASE I,132.0,78.0,2000,335.0,0.18,26.0,2026-07-01,16,(33) Zona B AutoNorte,Dia 1,4215
(02000) Portal Norte - Unicervantes,4.754622860218019,-74.04604464924742,CL 173,Autopista Norte,FASE I,132.0,78.0,2000,382.0,0.16,28.0,2026-07-01,17,(33) Zona B AutoNorte,Dia 1,4253
(02000) Portal Norte - Unicervantes,4.754622860218019,-74.04604464924742,CL 173,Autopista Norte,FASE I,132.0,78.0,2000,394.0,0.15,27.0,2026-07-01,18,(33) Zona B AutoNorte,Dia 1,2927
(02000) Portal Norte - Unicervantes,4.754622860218019,-74.04604464924742,CL 173,Autopista Norte,FASE I,132.0,78.0,2000,374.0,0.16,28.0,2026-07-01,19,(33) Zona B AutoNorte,Dia 1,1828
(02000) Portal Norte - Unicervantes,4.754622860218019,-74.04604464924742,CL 173,Autopista Norte,FASE I,132.0,78.0,2000,281.0,0.21,28.0,2026-07-01,20,(33) Zona B AutoNorte,Dia 1,586
(02000) Portal Norte - Unicervantes,4.754622860218019,-74.04604464924742,CL 173,Autopista Norte,FASE I,132.0,78.0,2000,203.0,0.3,25.0,2026-07-01,21,(33) Zona B AutoNorte,Dia 1,307
(02000) Portal Norte - Unicervantes,4.754622860218019,-74.04604464924742,CL 173,Autopista Norte,FASE I,132.0,78.0,2000,135.0,0.44,22.0,2026-07-01,22,(33) Zona B AutoNorte,Dia 1,107
(02000) Portal Norte - Unicervantes,4.754622860218019,-74.04604464924742,CL 173,Autopista Norte,FASE I,132.0,78.0,2000,78.0,0.77,17.0,2026-07-01,23,(33) Zona B AutoNorte,Dia 1,2
(02000) Portal Norte - Unicervantes,4.754622860218019,-74.04604464924742,CL 173,Autopista Norte,FASE I,132.0,78.0,2000,93.0,0.65,16.0,2026-07-02,4,(33) Zona B AutoNorte,Dia 1,494
(02000) Portal Norte - Unicervantes,4.754622860218019,-74.04604464924742,CL 173,Autopista Norte,FASE I,132.0,78.0,2000,314.0,0.19,28.0,2026-07-02,5,(33) Zona B AutoNorte,Dia 1,4136
(02000) Portal Norte - Unicervantes,4.754622860218019,-74.04604464924742,CL 173,Autopista Norte,FASE I,132.0,78.0,2000,391.0,0.15,31.0,2026-07-02,6,(33) Zona B AutoNorte,Dia 1,8160
(02000) Portal Norte - Unicervantes,4.754622860218019,-74.04604464924742,CL 173,Autopista Norte,FASE I,132.0,78.0,2000,439.0,0.14,31.0,2026-07-02,7,(33) Zona B AutoNorte,Dia 1,8506
(02000) Portal Norte - Unicervantes,4.754622860218019,-74.04604464924742,CL 173,Autopista Norte,FASE I,132.0,78.0,2000,446.0,0.13,30.0,2026-07-02,8,(33) Zona B AutoNorte,Dia 1,5402
(02000) Portal Norte - Unicervantes,4.754622860218019,-74.04604464924742,CL 173,Autopista Norte,FASE I,132.0,78.0,2000,329.0,0.18,30.0,2026-07-02,9,(33) Zona B AutoNorte,Dia 1,3882
(02000) Portal Norte - Unicervantes,4.754622860218019,-74.04604464924742,CL 173,Autopista Norte,FASE I,132.0,78.0,2000,255.0,0.24,24.0,2026-07-02,10,(33) Zona B AutoNorte,Dia 1,2994
(02000) Portal Norte - Unicervantes,4.754622860218019,-74.04604464924742,CL 173,Autopista Norte,FASE I,132.0,78.0,2000,231.0,0.26,22.0,2026-07-02,11,(33) Zona B AutoNorte,Dia 1,2821
(02000) Portal Norte - Unicervantes,4.754622860218019,-74.04604464924742,CL 173,Autopista Norte,FASE I,132.0,78.0,2000,236.0,0.25,22.0,2026-07-02,12,(33) Zona B AutoNorte,Dia 1,2684
(02000) Portal Norte - Unicervantes,4.754622860218019,-74.04604464924742,CL 173,Autopista Norte,FASE I,132.0,78.0,2000,234.0,0.26,22.0,2026-07-02,13,(33) Zona B AutoNorte,Dia 1,2469
(02000) Portal Norte - Unicervantes,4.754622860218019,-74.04604464924742,CL 173,Autopista Norte,FASE I,132.0,78.0,2000,229.0,0.26,22.0,2026-07-02,14,(33) Zona B AutoNorte,Dia 1,2427
(02000) Portal Norte - Unicervantes,4.754622860218019,-74.04604464924742,CL 173,Autopista Norte,FASE I,132.0,78.0,2000,257.0,0.23,24.0,2026-07-02,15,(33) Zona B AutoNorte,Dia 1,2602
(02000) Portal Norte - Unicervantes,4.754622860218019,-74.04604464924742,CL 173,Autopista Norte,FASE I,132.0,78.0,2000,335.0,0.18,26.0,2026-07-02,16,(33) Zona B AutoNorte,Dia 1,3888
(02000) Portal Norte - Unicervantes,4.754622860218019,-74.04604464924742,CL 173,Autopista Norte,FASE I,132.0,78.0,2000,382.0,0.16,28.0,2026-07-02,17,(33) Zona B AutoNorte,Dia 1,4073
(02000) Portal Norte - Unicervantes,4.754622860218019,-74.04604464924742,CL 173,Autopista Norte,FASE I,132.0,78.0,2000,394.0,0.15,27.0,2026-07-02,18,(33) Zona B AutoNorte,Dia 1,2605
(02000) Portal Norte - Unicervantes,4.754622860218019,-74.04604464924742,CL 173,Autopista Norte,FASE I,132.0,78.0,2000,374.0,0.16,28.0,2026-07-02,19,(33) Zona B AutoNorte,Dia 1,1657
(02000) Portal Norte - Unicervantes,4.754622860218019,-74.04604464924742,CL 173,Autopista Norte,FASE I,132.0,78.0,2000,281.0,0.21,28.0,2026-07-02,20,(33) Zona B AutoNorte,Dia 1,586
(02000) Portal Norte - Unicervantes,4.754622860218019,-74.04604464924742,CL 173,Autopista Norte,FASE I,132.0,78.0,2000,203.0,0.3,25.0,2026-07-02,21,(33) Zona B AutoNorte,Dia 1,295
(02000) Portal Norte - Unicervantes,4.754622860218019,-74.04604464924742,CL 173,Autopista Norte,FASE I,132.0,78.0,2000,135.0,0.44,22.0,2026-07-02,22,(33) Zona B AutoNorte,Dia 1,99
(02000) Portal Norte - Unicervantes,4.754622860218019,-74.04604464924742,CL 173,Autopista Norte,FASE I,132.0,78.0,2000,78.0,0.77,17.0,2026-07-02,23,(33) Zona B AutoNorte,Dia 1,5
(02000) Portal Norte - Unicervantes,4.754622860218019,-74.04604464924742,CL 173,Autopista Norte,FASE I,132.0,78.0,2000,93.0,0.65,16.0,2026-07-03,4,(33) Zona B AutoNorte,Dia 1,516
(02000) Portal Norte - Unicervantes,4.754622860218019,-74.04604464924742,CL 173,Autopista Norte,FASE I,132.0,78.0,2000,314.0,0.19,28.0,2026-07-03,5,(33) Zona B AutoNorte,Dia 1,3738
(02000) Portal Norte - Unicervantes,4.754622860218019,-74.04604464924742,CL 173,Autopista Norte,FASE I,132.0,78.0,2000,391.0,0.15,31.0,2026-07-03,6,(33) Zona B AutoNorte,Dia 1,7673
(02000) Portal Norte - Unicervantes,4.754622860218019,-74.04604464924742,CL 173,Autopista Norte,FASE I,132.0,78.0,2000,439.0,0.14,31.0,2026-07-03,7,(33) Zona B AutoNorte,Dia 1,7936
(02000) Portal Norte - Unicervantes,4.754622860218019,-74.04604464924742,CL 173,Autopista Norte,FASE I,132.0,78.0,2000,446.0,0.13,30.0,2026-07-03,8,(33) Zona B AutoNorte,Dia 1,5004
(02000) Portal Norte - Unicervantes,4.754622860218019,-74.04604464924742,CL 173,Autopista Norte,FASE I,132.0,78.0,2000,329.0,0.18,30.0,2026-07-03,9,(33) Zona B AutoNorte,Dia 1,4169
(02000) Portal Norte - Unicervantes,4.754622860218019,-74.04604464924742,CL 173,Autopista Norte,FASE I,132.0,78.0,2000,255.0,0.24,24.0,2026-07-03,10,(33) Zona B AutoNorte,Dia 1,3212
(02000) Portal Norte - Unicervantes,4.754622860218019,-74.04604464924742,CL 173,Autopista Norte,FASE I,132.0,78.0,2000,231.0,0.26,22.0,2026-07-03,11,(33) Zona B AutoNorte,Dia 1,3008
(02000) Portal Norte - Unicervantes,4.754622860218019,-74.04604464924742,CL 173,Autopista Norte,FASE I,132.0,78.0,2000,236.0,0.25,22.0,2026-07-03,12,(33) Zona B AutoNorte,Dia 1,2681
(02000) Portal Norte - Unicervantes,4.754622860218019,-74.04604464924742,CL 173,Autopista Norte,FASE I,132.0,78.0,2000,234.0,0.26,22.0,2026-07-03,13,(33) Zona B AutoNorte,Dia 1,2600
(02000) Portal Norte - Unicervantes,4.754622860218019,-74.04604464924742,CL 173,Autopista Norte,FASE I,132.0,78.0,2000,229.0,0.26,22.0,2026-07-03,14,(33) Zona B AutoNorte,Dia 1,2697
(02000) Portal Norte - Unicervantes,4.754622860218019,-74.04604464924742,CL 173,Autopista Norte,FASE I,132.0,78.0,2000,257.0,0.23,24.0,2026-07-03,15,(33) Zona B AutoNorte,Dia 1,2920
(02000) Portal Norte - Unicervantes,4.754622860218019,-74.04604464924742,CL 173,Autopista Norte,FASE I,132.0,78.0,2000,335.0,0.18,26.0,2026-07-03,16,(33) Zona B AutoNorte,Dia 1,3957
(02000) Portal Norte - Unicervantes,4.754622860218019,-74.04604464924742,CL 173,Autopista Norte,FASE I,132.0,78.0,2000,382.0,0.16,28.0,2026-07-03,17,(33) Zona B AutoNorte,Dia 1,4655
(02000) Portal Norte - Unicervantes,4.754622860218019,-74.04604464924742,CL 173,Autopista Norte,FASE I,132.0,78.0,2000,394.0,0.15,27.0,2026-07-03,18,(33) Zona B AutoNorte,Dia 1,3805
(02000) Portal Norte - Unicervantes,4.754622860218019,-74.04604464924742,CL 173,Autopista Norte,FASE I,132.0,78.0,2000,374.0,0.16,28.0,2026-07-03,19,(33) Zona B AutoNorte,Dia 1,2678
(02000) Portal Norte - Unicervantes,4.754622860218019,-74.04604464924742,CL 173,Autopista Norte,FASE I,132.0,78.0,2000,281.0,0.21,28.0,2026-07-03,20,(33) Zona B AutoNorte,Dia 1,726
(02000) Portal Norte - Unicervantes,4.754622860218019,-74.04604464924742,CL 173,Autopista Norte,FASE I,132.0,78.0,2000,203.0,0.3,25.0,2026-07-03,21,(33) Zona B AutoNorte,Dia 1,204
(02000) Portal Norte - Unicervantes,4.754622860218019,-74.04604464924742,CL 173,Autopista Norte,FASE I,132.0,78.0,2000,135.0,0.44,22.0,2026-07-03,22,(33) Zona B AutoNorte,Dia 1,99
(02000) Portal Norte - Unicervantes,4.754622860218019,-74.04604464924742,CL 173,Autopista Norte,FASE I,132.0,78.0,2000,78.0,0.77,17.0,2026-07-03,23,(33) Zona B AutoNorte,Dia 1,13
(02000) Portal Norte - Unicervantes,4.754622860218019,-74.04604464924742,CL 173,Autopista Norte,FASE I,132.0,78.0,2000,,,,2026-07-04,0,(33) Zona B AutoNorte,Dia 1,1
(02000) Portal Norte - Unicervantes,4.754622860218019,-74.04604464924742,CL 173,Autopista Norte,FASE I,132.0,78.0,2000,63.0,0.95,10.0,2026-07-04,4,(33) Zona B AutoNorte,Dia 1,298
(02000) Portal Norte - Unicervantes,4.754622860218019,-74.04604464924742,CL 173,Autopista Norte,FASE I,132.0,78.0,2000,205.0,0.29,19.0,2026-07-04,5,(33) Zona B AutoNorte,Dia 1,2049
(02000) Portal Norte - Unicervantes,4.754622860218019,-74.04604464924742,CL 173,Autopista Norte,FASE I,132.0,78.0,2000,283.0,0.21,23.0,2026-07-04,6,(33) Zona B AutoNorte,Dia 1,3567
(02000) Portal Norte - Unicervantes,4.754622860218019,-74.04604464924742,CL 173,Autopista Norte,FASE I,132.0,78.0,2000,325.0,0.18,24.0,2026-07-04,7,(33) Zona B AutoNorte,Dia 1,3869
(02000) Portal Norte - Unicervantes,4.754622860218019,-74.04604464924742,CL 173,Autopista Norte,FASE I,132.0,78.0,2000,328.0,0.18,24.0,2026-07-04,8,(33) Zona B AutoNorte,Dia 1,3394
(02000) Portal Norte - Unicervantes,4.754622860218019,-74.04604464924742,CL 173,Autopista Norte,FASE I,132.0,78.0,2000,300.0,0.2,24.0,2026-07-04,9,(33) Zona B AutoNorte,Dia 1,2994
(02000) Portal Norte - Unicervantes,4.754622860218019,-74.04604464924742,CL 173,Autopista Norte,FASE I,132.0,78.0,2000,261.0,0.23,23.0,2026-07-04,10,(33) Zona B AutoNorte,Dia 1,2933
(02000) Portal Norte - Unicervantes,4.754622860218019,-74.04604464924742,CL 173,Autopista Norte,FASE I,132.0,78.0,2000,257.0,0.23,22.0,2026-07-04,11,(33) Zona B AutoNorte,Dia 1,3367
(02000) Portal Norte - Unicervantes,4.754622860218019,-74.04604464924742,CL 173,Autopista Norte,FASE I,132.0,78.0,2000,266.0,0.23,22.0,2026-07-04,12,(33) Zona B AutoNorte,Dia 1,3441
(02000) Portal Norte - Unicervantes,4.754622860218019,-74.04604464924742,CL 173,Autopista Norte,FASE I,132.0,78.0,2000,263.0,0.23,22.0,2026-07-04,13,(33) Zona B AutoNorte,Dia 1,3179
(02000) Portal Norte - Unicervantes,4.754622860218019,-74.04604464924742,CL 173,Autopista Norte,FASE I,132.0,78.0,2000,264.0,0.23,22.0,2026-07-04,14,(33) Zona B AutoNorte,Dia 1,2612
(02000) Portal Norte - Unicervantes,4.754622860218019,-74.04604464924742,CL 173,Autopista Norte,FASE I,132.0,78.0,2000,265.0,0.23,23.0,2026-07-04,15,(33) Zona B AutoNorte,Dia 1,2320
(02000) Portal Norte - Unicervantes,4.754622860218019,-74.04604464924742,CL 173,Autopista Norte,FASE I,132.0,78.0,2000,262.0,0.23,24.0,2026-07-04,16,(33) Zona B AutoNorte,Dia 1,2566
(02000) Portal Norte - Unicervantes,4.754622860218019,-74.04604464924742,CL 173,Autopista Norte,FASE I,132.0,78.0,2000,262.0,0.23,24.0,2026-07-04,17,(33) Zona B AutoNorte,Dia 1,2459
(02000) Portal Norte - Unicervantes,4.754622860218019,-74.04604464924742,CL 173,Autopista Norte,FASE I,132.0,78.0,2000,245.0,0.24,24.0,2026-07-04,18,(33) Zona B AutoNorte,Dia 1,2451
(02000) Portal Norte - Unicervantes,4.754622860218019,-74.04604464924742,CL 173,Autopista Norte,FASE I,132.0,78.0,2000,227.0,0.26,25.0,2026-07-04,19,(33) Zona B AutoNorte,Dia 1,2096
(02000) Portal Norte - Unicervantes,4.754622860218019,-74.04604464924742,CL 173,Autopista Norte,FASE I,132.0,78.0,2000,183.0,0.33,25.0,2026-07-04,20,(33) Zona B AutoNorte,Dia 1,802
(02000) Portal Norte - Unicervantes,4.754622860218019,-74.04604464924742,CL 173,Autopista Norte,FASE I,132.0,78.0,2000,136.0,0.44,20.0,2026-07-04,21,(33) Zona B AutoNorte,Dia 1,380
(02000) Portal Norte - Unicervantes,4.754622860218019,-74.04604464924742,CL 173,Autopista Norte,FASE I,132.0,78.0,2000,100.0,0.6,18.0,2026-07-04,22,(33) Zona B AutoNorte,Dia 1,108
(02000) Portal Norte - Unicervantes,4.754622860218019,-74.04604464924742,CL 173,Autopista Norte,FASE I,132.0,78.0,2000,61.0,0.98,14.0,2026-07-04,23,(33) Zona B AutoNorte,Dia 1,7
(02000) Portal Norte - Unicervantes,4.754622860218019,-74.04604464924742,CL 173,Autopista Norte,FASE I,132.0,78.0,2000,,,,2026-07-05,0,(33) Zona B AutoNorte,Dia 1,1
(02000) Portal Norte - Unicervantes,4.754622860218019,-74.04604464924742,CL 173,Autopista Norte,FASE I,132.0,78.0,2000,53.0,1.13,12.0,2026-07-05,4,(33) Zona B AutoNorte,Dia 2,152
(02000) Portal Norte - Unicervantes,4.754622860218019,-74.04604464924742,CL 173,Autopista Norte,FASE I,132.0,78.0,2000,115.0,0.52,15.0,2026-07-05,5,(33) Zona B AutoNorte,Dia 2,837
(02000) Portal Norte - Unicervantes,4.754622860218019,-74.04604464924742,CL 173,Autopista Norte,FASE I,132.0,78.0,2000,143.0,0.42,16.0,2026-07-05,6,(33) Zona B AutoNorte,Dia 2,1575
(02000) Portal Norte - Unicervantes,4.754622860218019,-74.04604464924742,CL 173,Autopista Norte,FASE I,132.0,78.0,2000,163.0,0.37,17.0,2026-07-05,7,(33) Zona B AutoNorte,Dia 2,1745
(02000) Portal Norte - Unicervantes,4.754622860218019,-74.04604464924742,CL 173,Autopista Norte,FASE I,132.0,78.0,2000,173.0,0.35,16.0,2026-07-05,8,(33) Zona B AutoNorte,Dia 2,1972
(02000) Portal Norte - Unicervantes,4.754622860218019,-74.04604464924742,CL 173,Autopista Norte,FASE I,132.0,78.0,2000,173.0,0.35,16.0,2026-07-05,9,(33) Zona B AutoNorte,Dia 2,2291
(02000) Portal Norte - Unicervantes,4.754622860218019,-74.04604464924742,CL 173,Autopista Norte,FASE I,132.0,78.0,2000,175.0,0.34,17.0,2026-07-05,10,(33) Zona B AutoNorte,Dia 2,2351
(02000) Portal Norte - Unicervantes,4.754622860218019,-74.04604464924742,CL 173,Autopista Norte,FASE I,132.0,78.0,2000,187.0,0.32,16.0,2026-07-05,11,(33) Zona B AutoNorte,Dia 2,2397
(02000) Portal Norte - Unicervantes,4.754622860218019,-74.04604464924742,CL 173,Autopista Norte,FASE I,132.0,78.0,2000,174.0,0.34,16.0,2026-07-05,12,(33) Zona B AutoNorte,Dia 2,2057
(02000) Portal Norte - Unicervantes,4.754622860218019,-74.04604464924742,CL 173,Autopista Norte,FASE I,132.0,78.0,2000,179.0,0.34,16.0,2026-07-05,13,(33) Zona B AutoNorte,Dia 2,2032
(02000) Portal Norte - Unicervantes,4.754622860218019,-74.04604464924742,CL 173,Autopista Norte,FASE I,132.0,78.0,2000,178.0,0.34,17.0,2026-07-05,14,(33) Zona B AutoNorte,Dia 2,1917
(02000) Portal Norte - Unicervantes,4.754622860218019,-74.04604464924742,CL 173,Autopista Norte,FASE I,132.0,78.0,2000,177.0,0.34,16.0,2026-07-05,15,(33) Zona B AutoNorte,Dia 2,1866
(02000) Portal Norte - Unicervantes,4.754622860218019,-74.04604464924742,CL 173,Autopista Norte,FASE I,132.0,78.0,2000,180.0,0.33,16.0,2026-07-05,16,(33) Zona B AutoNorte,Dia 2,1952
(02000) Portal Norte - Unicervantes,4.754622860218019,-74.04604464924742,CL 173,Autopista Norte,FASE I,132.0,78.0,2000,176.0,0.34,17.0,2026-07-05,17,(33) Zona B AutoNorte,Dia 2,2155
(02000) Portal Norte - Unicervantes,4.754622860218019,-74.04604464924742,CL 173,Autopista Norte,FASE I,132.0,78.0,2000,165.0,0.36,16.0,2026-07-05,18,(33) Zona B AutoNorte,Dia 2,2260
(02000) Portal Norte - Unicervantes,4.754622860218019,-74.04604464924742,CL 173,Autopista Norte,FASE I,132.0,78.0,2000,150.0,0.4,15.0,2026-07-05,19,(33) Zona B AutoNorte,Dia 2,2044
(02000) Portal Norte - Unicervantes,4.754622860218019,-74.04604464924742,CL 173,Autopista Norte,FASE I,132.0,78.0,2000,126.0,0.48,16.0,2026-07-05,20,(33) Zona B AutoNorte,Dia 2,860
(02000) Portal Norte - Unicervantes,4.754622860218019,-74.04604464924742,CL 173,Autopista Norte,FASE I,132.0,78.0,2000,106.0,0.57,14.0,2026-07-05,21,(33) Zona B AutoNorte,Dia 2,261
